	Nº de reads amostradas	Amostra	Riqueza média
0	0	A	0.0
1	500	A	41.6
2	1000	A	43.3
3	1500	A	43.7
4	2000	A	43.9
5	2500	A	43.9
6	3000	A	44.0
7	3500	A	44.0
8	4000	A	44.0
9	4500	A	44.0
10	5000	A	44.0
11	5500	A	44.0
12	6000	A	44.0
13	6500	A	44.0
14	7000	A	44.0
15	7500	A	44.0
16	8000	A	44.0
17	8500	A	44.0
18	9000	A	44.0
19	9500	A	44.0
20	10000	A	44.0
21	10500	A	44.0
22	11000	A	44.0
23	11500	A	44.0
24	12000	A	44.0
25	12500	A	44.0
26	13000	A	44.0
27	13500	A	44.0
28	14000	A	44.0
29	14500	A	44.0
30	15000	A	44.0
31	15500	A	44.0
32	16000	A	44.0
33	16500	A	44.0
34	17000	A	44.0
35	17500	A	44.0
36	18000	A	44.0
37	18500	A	44.0
38	19000	A	44.0
39	19500	A	44.0
40	20000	A	44.0
41	20500	A	44.0
42	21000	A	44.0
43	21500	A	44.0
44	22000	A	44.0
45	22500	A	44.0
46	23000	A	44.0
47	23500	A	44.0
48	24000	A	44.0
49	24500	A	44.0
50	25000	A	44.0
51	25500	A	44.0
52	26000	A	44.0
53	26500	A	44.0
54	27000	A	44.0
55	27500	A	44.0
56	28000	A	44.0
57	28500	A	44.0
58	29000	A	44.0
59	29500	A	44.0
60	30000	A	44.0
61	30500	A	44.0
62	31000	A	44.0
63	31500	A	44.0
64	32000	A	44.0
65	32500	A	44.0
66	33000	A	44.0
67	33500	A	44.0
68	34000	A	44.0
69	34500	A	44.0
70	35000	A	44.0
71	35500	A	44.0
72	36000	A	44.0
73	36500	A	44.0
74	37000	A	44.0
75	37500	A	44.0
76	38000	A	44.0
77	38500	A	44.0
78	39000	A	44.0
79	39500	A	44.0
80	40000	A	44.0
81	40500	A	44.0
82	41000	A	44.0
83	41500	A	44.0
84	42000	A	44.0
85	42500	A	44.0
86	43000	A	44.0
87	43500	A	44.0
88	44000	A	44.0
89	44500	A	44.0
90	45000	A	44.0
91	45500	A	44.0
92	46000	A	44.0
93	46500	A	44.0
94	47000	A	44.0
95	47500	A	44.0
96	48000	A	44.0
97	48500	A	44.0
98	49000	A	44.0
99	49500	A	44.0
100	50000	A	44.0
101	50500	A	44.0
102	51000	A	44.0
103	51500	A	44.0
104	52000	A	44.0
105	52500	A	44.0
106	53000	A	44.0
107	53500	A	44.0
108	54000	A	44.0
109	54500	A	44.0
110	55000	A	44.0
111	55500	A	44.0
112	56000	A	44.0
113	56500	A	44.0
114	57000	A	44.0
115	57500	A	44.0
116	58000	A	44.0
117	58500	A	44.0
118	59000	A	44.0
119	59500	A	44.0
120	60000	A	44.0
121	60500	A	44.0
122	61000	A	44.0
123	61500	A	44.0
124	62000	A	44.0
125	62500	A	44.0
126	63000	A	44.0
127	63500	A	44.0
128	64000	A	44.0
129	64500	A	44.0
130	65000	A	44.0
131	65500	A	44.0
132	66000	A	44.0
133	66500	A	44.0
134	67000	A	44.0
135	67500	A	44.0
136	68000	A	44.0
137	68500	A	44.0
138	69000	A	44.0
139	69500	A	44.0
140	70000	A	44.0
141	70500	A	44.0
142	71000	A	44.0
143	71500	A	44.0
144	72000	A	44.0
145	72500	A	44.0
146	73000	A	44.0
147	73500	A	44.0
148	74000	A	44.0
149	74500	A	44.0
150	75000	A	44.0
151	75500	A	44.0
152	76000	A	44.0
153	76500	A	44.0
154	77000	A	44.0
155	77500	A	44.0
156	78000	A	44.0
157	78500	A	44.0
158	79000	A	44.0
159	79500	A	44.0
160	80000	A	44.0
161	80500	A	44.0
162	81000	A	44.0
163	0	B	0.0
164	500	B	38.0
165	1000	B	38.9
166	1500	B	39.0
167	2000	B	39.0
168	2500	B	38.9
169	3000	B	39.0
170	3500	B	39.0
171	4000	B	39.0
172	4500	B	39.0
173	5000	B	39.0
174	5500	B	39.0
175	6000	B	39.0
176	6500	B	39.0
177	7000	B	39.0
178	7500	B	39.0
179	8000	B	39.0
180	8500	B	39.0
181	9000	B	39.0
182	9500	B	39.0
183	10000	B	39.0
184	10500	B	39.0
185	11000	B	39.0
186	11500	B	39.0
187	12000	B	39.0
188	12500	B	39.0
189	13000	B	39.0
190	13500	B	39.0
191	14000	B	39.0
192	14500	B	39.0
193	15000	B	39.0
194	15500	B	39.0
195	16000	B	39.0
196	16500	B	39.0
197	17000	B	39.0
198	17500	B	39.0
199	18000	B	39.0
200	18500	B	39.0
201	19000	B	39.0
202	19500	B	39.0
203	20000	B	39.0
204	20500	B	39.0
205	21000	B	39.0
206	21500	B	39.0
207	22000	B	39.0
208	22500	B	39.0
209	23000	B	39.0
210	23500	B	39.0
211	24000	B	39.0
212	24500	B	39.0
213	25000	B	39.0
214	25500	B	39.0
215	26000	B	39.0
216	26500	B	39.0
217	27000	B	39.0
218	27500	B	39.0
219	28000	B	39.0
220	28500	B	39.0
221	29000	B	39.0
222	29500	B	39.0
223	30000	B	39.0
224	30500	B	39.0
225	31000	B	39.0
226	31500	B	39.0
227	32000	B	39.0
228	32500	B	39.0
229	33000	B	39.0
230	33500	B	39.0
231	34000	B	39.0
232	34500	B	39.0
233	35000	B	39.0
234	35500	B	39.0
235	36000	B	39.0
236	36500	B	39.0
237	37000	B	39.0
238	37500	B	39.0
239	38000	B	39.0
240	38500	B	39.0
241	39000	B	39.0
242	39500	B	39.0
243	40000	B	39.0
244	40500	B	39.0
245	41000	B	39.0
246	41500	B	39.0
247	42000	B	39.0
248	42500	B	39.0
249	43000	B	39.0
250	43500	B	39.0
251	44000	B	39.0
252	44500	B	39.0
253	45000	B	39.0
254	45500	B	39.0
255	46000	B	39.0
256	46500	B	39.0
257	47000	B	39.0
258	47500	B	39.0
259	48000	B	39.0
260	48500	B	39.0
261	49000	B	39.0
262	49500	B	39.0
263	50000	B	39.0
264	50500	B	39.0
265	51000	B	39.0
266	51500	B	39.0
267	52000	B	39.0
268	52500	B	39.0
269	53000	B	39.0
270	53500	B	39.0
271	54000	B	39.0
272	54500	B	39.0
273	55000	B	39.0
274	55500	B	39.0
275	56000	B	39.0
276	56500	B	39.0
277	57000	B	39.0
278	57500	B	39.0
279	58000	B	39.0
280	58500	B	39.0
281	59000	B	39.0
282	59500	B	39.0
283	60000	B	39.0
284	60500	B	39.0
285	61000	B	39.0
286	61500	B	39.0
287	62000	B	39.0
288	62500	B	39.0
289	63000	B	39.0
290	63500	B	39.0
291	64000	B	39.0
292	64500	B	39.0
293	65000	B	39.0
294	65500	B	39.0
295	66000	B	39.0
296	66500	B	39.0
297	67000	B	39.0
298	0	C	0.0
299	500	C	37.5
300	1000	C	38.5
301	1500	C	39.0
302	2000	C	39.1
303	2500	C	38.9
304	3000	C	39.5
305	3500	C	39.2
306	4000	C	39.6
307	4500	C	39.6
308	5000	C	39.6
309	5500	C	39.7
310	6000	C	39.4
311	6500	C	39.9
312	7000	C	39.8
313	7500	C	39.9
314	8000	C	39.8
315	8500	C	39.8
316	9000	C	39.9
317	9500	C	39.8
318	10000	C	39.8
319	10500	C	39.8
320	11000	C	39.8
321	11500	C	39.7
322	12000	C	39.9
323	12500	C	40.0
324	13000	C	40.0
325	13500	C	39.9
326	14000	C	39.8
327	14500	C	40.0
328	15000	C	40.0
329	15500	C	40.0
330	16000	C	40.0
331	16500	C	40.0
332	17000	C	39.9
333	17500	C	40.0
334	18000	C	40.0
335	18500	C	40.0
336	19000	C	40.0
337	19500	C	39.9
338	20000	C	40.0
339	20500	C	40.0
340	21000	C	39.8
341	21500	C	40.0
342	22000	C	40.0
343	22500	C	40.0
344	23000	C	40.0
345	23500	C	40.0
346	24000	C	40.0
347	24500	C	40.0
348	25000	C	39.8
349	25500	C	40.0
350	26000	C	40.0
351	26500	C	40.0
352	27000	C	40.0
353	27500	C	40.0
354	28000	C	40.0
355	28500	C	40.0
356	29000	C	40.0
357	29500	C	40.0
358	30000	C	40.0
359	30500	C	40.0
360	31000	C	40.0
361	31500	C	40.0
362	32000	C	40.0
363	32500	C	40.0
364	33000	C	40.0
365	33500	C	40.0
366	34000	C	40.0
367	34500	C	40.0
368	35000	C	40.0
369	35500	C	40.0
370	36000	C	40.0
371	36500	C	40.0
372	37000	C	40.0
373	37500	C	40.0
374	38000	C	40.0
375	38500	C	40.0
376	39000	C	40.0
377	39500	C	40.0
378	40000	C	40.0
379	40500	C	40.0
380	41000	C	40.0
381	41500	C	40.0
382	42000	C	40.0
383	42500	C	40.0
384	43000	C	40.0
385	43500	C	40.0
386	44000	C	40.0
387	44500	C	40.0
388	45000	C	40.0
389	45500	C	40.0
390	46000	C	40.0
391	46500	C	40.0
392	47000	C	40.0
393	47500	C	40.0
394	48000	C	40.0
395	48500	C	40.0
396	49000	C	40.0
397	49500	C	40.0
398	50000	C	40.0
399	50500	C	40.0
400	51000	C	40.0
401	51500	C	40.0
402	52000	C	40.0
403	52500	C	40.0
404	53000	C	40.0
405	53500	C	40.0
406	54000	C	40.0
407	54500	C	40.0
408	55000	C	40.0
409	55500	C	40.0
410	56000	C	40.0
411	56500	C	40.0
412	57000	C	40.0
413	57500	C	40.0
414	58000	C	40.0
415	58500	C	40.0
416	59000	C	40.0
417	59500	C	40.0
418	60000	C	40.0
419	60500	C	40.0
420	61000	C	40.0
421	61500	C	40.0
422	62000	C	40.0
423	62500	C	40.0
424	63000	C	40.0
425	63500	C	40.0
426	64000	C	40.0
427	64500	C	40.0
428	65000	C	40.0
429	65500	C	40.0
430	66000	C	40.0
431	66500	C	40.0
432	67000	C	40.0
433	67500	C	40.0
434	68000	C	40.0
435	68500	C	40.0
436	69000	C	40.0
437	69500	C	40.0
438	70000	C	40.0
439	70500	C	40.0
440	71000	C	40.0
441	71500	C	40.0
442	72000	C	40.0
443	72500	C	40.0
444	73000	C	40.0
445	73500	C	40.0
446	74000	C	40.0
447	74500	C	40.0
448	75000	C	40.0
449	75500	C	40.0
450	0	D	0.0
451	500	D	36.0
452	1000	D	37.0
453	1500	D	37.9
454	2000	D	38.1
455	2500	D	38.5
456	3000	D	38.4
457	3500	D	38.4
458	4000	D	38.7
459	4500	D	38.7
460	5000	D	38.9
461	5500	D	38.6
462	6000	D	38.8
463	6500	D	39.0
464	7000	D	39.0
465	7500	D	38.8
466	8000	D	39.0
467	8500	D	38.9
468	9000	D	38.7
469	9500	D	39.0
470	10000	D	39.0
471	10500	D	38.9
472	11000	D	39.0
473	11500	D	39.0
474	12000	D	39.0
475	12500	D	39.0
476	13000	D	39.0
477	13500	D	39.0
478	14000	D	39.0
479	14500	D	39.0
480	15000	D	39.0
481	15500	D	39.0
482	16000	D	39.0
483	16500	D	39.0
484	17000	D	39.0
485	17500	D	39.0
486	18000	D	39.0
487	18500	D	39.0
488	19000	D	39.0
489	19500	D	39.0
490	20000	D	39.0
491	20500	D	38.9
492	21000	D	39.0
493	21500	D	39.0
494	22000	D	39.0
495	22500	D	39.0
496	23000	D	39.0
497	23500	D	39.0
498	24000	D	39.0
499	24500	D	39.0
500	25000	D	39.0
501	25500	D	39.0
502	26000	D	39.0
503	26500	D	39.0
504	27000	D	39.0
505	27500	D	39.0
506	28000	D	39.0
507	28500	D	39.0
508	29000	D	39.0
509	29500	D	39.0
510	30000	D	39.0
511	30500	D	39.0
512	31000	D	39.0
513	31500	D	39.0
514	32000	D	39.0
515	32500	D	39.0
516	33000	D	39.0
517	33500	D	39.0
518	34000	D	39.0
519	34500	D	39.0
520	35000	D	39.0
521	35500	D	39.0
522	36000	D	39.0
523	36500	D	39.0
524	37000	D	39.0
525	37500	D	39.0
526	38000	D	39.0
527	38500	D	39.0
528	39000	D	39.0
529	39500	D	39.0
530	40000	D	39.0
531	40500	D	39.0
532	41000	D	39.0
533	41500	D	39.0
534	42000	D	39.0
535	42500	D	39.0
536	43000	D	39.0
537	43500	D	39.0
538	44000	D	39.0
539	44500	D	39.0
540	45000	D	39.0
541	45500	D	39.0
542	46000	D	39.0
543	46500	D	39.0
544	47000	D	39.0
545	47500	D	39.0
546	48000	D	39.0
547	48500	D	39.0
548	49000	D	39.0
549	49500	D	39.0
550	50000	D	39.0
551	50500	D	39.0
552	51000	D	39.0
553	51500	D	39.0
554	52000	D	39.0
555	52500	D	39.0
556	53000	D	39.0
557	53500	D	39.0
558	54000	D	39.0
559	54500	D	39.0
560	55000	D	39.0
561	55500	D	39.0
562	56000	D	39.0
563	56500	D	39.0
564	57000	D	39.0
565	57500	D	39.0
566	58000	D	39.0
567	58500	D	39.0
568	59000	D	39.0
569	59500	D	39.0
570	60000	D	39.0
571	60500	D	39.0
572	61000	D	39.0
573	61500	D	39.0
574	62000	D	39.0
575	62500	D	39.0
576	63000	D	39.0
577	63500	D	39.0
578	64000	D	39.0
579	64500	D	39.0
580	65000	D	39.0
581	65500	D	39.0
582	66000	D	39.0
583	66500	D	39.0
584	67000	D	39.0
585	67500	D	39.0
586	68000	D	39.0
587	68500	D	39.0
588	69000	D	39.0
589	69500	D	39.0
590	70000	D	39.0
591	70500	D	39.0
592	71000	D	39.0
593	71500	D	39.0
594	72000	D	39.0
595	72500	D	39.0
596	73000	D	39.0
597	73500	D	39.0
598	74000	D	39.0
599	74500	D	39.0
600	75000	D	39.0
601	75500	D	39.0
602	76000	D	39.0
603	76500	D	39.0
604	0	E	0.0
605	500	E	38.7
606	1000	E	41.3
607	1500	E	41.8
608	2000	E	41.6
609	2500	E	42.0
610	3000	E	41.9
611	3500	E	41.9
612	4000	E	42.0
613	4500	E	42.0
614	5000	E	42.0
615	5500	E	42.0
616	6000	E	42.0
617	6500	E	42.0
618	7000	E	42.0
619	7500	E	42.0
620	8000	E	42.0
621	8500	E	42.0
622	9000	E	42.0
623	9500	E	42.0
624	10000	E	42.0
625	10500	E	42.0
626	11000	E	42.0
627	11500	E	42.0
628	12000	E	42.0
629	12500	E	42.0
630	13000	E	42.0
631	13500	E	42.0
632	14000	E	42.0
633	14500	E	42.0
634	15000	E	42.0
635	15500	E	42.0
636	16000	E	42.0
637	16500	E	42.0
638	17000	E	42.0
639	17500	E	42.0
640	18000	E	42.0
641	18500	E	42.0
642	19000	E	42.0
643	19500	E	42.0
644	20000	E	42.0
645	20500	E	42.0
646	21000	E	42.0
647	21500	E	42.0
648	22000	E	42.0
649	22500	E	42.0
650	23000	E	42.0
651	23500	E	42.0
652	24000	E	42.0
653	24500	E	42.0
654	25000	E	42.0
655	25500	E	42.0
656	26000	E	42.0
657	26500	E	42.0
658	27000	E	42.0
659	27500	E	42.0
660	28000	E	42.0
661	28500	E	42.0
662	29000	E	42.0
663	29500	E	42.0
664	30000	E	42.0
665	30500	E	42.0
666	31000	E	42.0
667	31500	E	42.0
668	32000	E	42.0
669	32500	E	42.0
670	33000	E	42.0
671	33500	E	42.0
672	34000	E	42.0
673	34500	E	42.0
674	35000	E	42.0
675	35500	E	42.0
676	36000	E	42.0
677	36500	E	42.0
678	37000	E	42.0
679	37500	E	42.0
680	38000	E	42.0
681	38500	E	42.0
682	39000	E	42.0
683	39500	E	42.0
684	40000	E	42.0
685	40500	E	42.0
686	41000	E	42.0
687	41500	E	42.0
688	42000	E	42.0
689	42500	E	42.0
690	43000	E	42.0
691	43500	E	42.0
692	44000	E	42.0
693	44500	E	42.0
694	45000	E	42.0
695	45500	E	42.0
696	46000	E	42.0
697	46500	E	42.0
698	47000	E	42.0
699	47500	E	42.0
700	48000	E	42.0
701	48500	E	42.0
702	49000	E	42.0
703	49500	E	42.0
704	50000	E	42.0
705	50500	E	42.0
706	51000	E	42.0
707	51500	E	42.0
708	52000	E	42.0
709	52500	E	42.0
710	53000	E	42.0
711	53500	E	42.0
712	54000	E	42.0
713	54500	E	42.0
714	55000	E	42.0
715	55500	E	42.0
716	56000	E	42.0
717	56500	E	42.0
718	57000	E	42.0
719	57500	E	42.0
720	58000	E	42.0
721	58500	E	42.0
722	59000	E	42.0
723	59500	E	42.0
724	60000	E	42.0
725	60500	E	42.0
726	61000	E	42.0
727	61500	E	42.0
728	62000	E	42.0
729	62500	E	42.0
730	63000	E	42.0
731	63500	E	42.0
732	64000	E	42.0
733	64500	E	42.0
734	65000	E	42.0
735	65500	E	42.0
736	66000	E	42.0
737	66500	E	42.0
738	67000	E	42.0
739	67500	E	42.0
740	68000	E	42.0
741	68500	E	42.0
742	0	F	0.0
743	500	F	46.1
744	1000	F	46.8
745	1500	F	46.8
746	2000	F	47.0
747	2500	F	46.9
748	3000	F	47.0
749	3500	F	47.0
750	4000	F	47.0
751	4500	F	47.0
752	5000	F	47.0
753	5500	F	47.0
754	6000	F	47.0
755	6500	F	47.0
756	7000	F	47.0
757	7500	F	47.0
758	8000	F	47.0
759	8500	F	47.0
760	9000	F	47.0
761	9500	F	47.0
762	10000	F	47.0
763	10500	F	47.0
764	11000	F	47.0
765	11500	F	47.0
766	12000	F	47.0
767	12500	F	47.0
768	13000	F	47.0
769	13500	F	47.0
770	14000	F	47.0
771	14500	F	47.0
772	15000	F	47.0
773	15500	F	47.0
774	16000	F	47.0
775	16500	F	47.0
776	17000	F	47.0
777	17500	F	47.0
778	18000	F	47.0
779	18500	F	47.0
780	19000	F	47.0
781	19500	F	47.0
782	20000	F	47.0
783	20500	F	47.0
784	21000	F	47.0
785	21500	F	47.0
786	22000	F	47.0
787	22500	F	47.0
788	23000	F	47.0
789	23500	F	47.0
790	24000	F	47.0
791	24500	F	47.0
792	25000	F	47.0
793	25500	F	47.0
794	26000	F	47.0
795	26500	F	47.0
796	27000	F	47.0
797	27500	F	47.0
798	28000	F	47.0
799	28500	F	47.0
800	29000	F	47.0
801	29500	F	47.0
802	30000	F	47.0
803	30500	F	47.0
804	31000	F	47.0
805	31500	F	47.0
806	32000	F	47.0
807	32500	F	47.0
808	33000	F	47.0
809	33500	F	47.0
810	34000	F	47.0
811	34500	F	47.0
812	35000	F	47.0
813	35500	F	47.0
814	36000	F	47.0
815	36500	F	47.0
816	37000	F	47.0
817	37500	F	47.0
818	38000	F	47.0
819	38500	F	47.0
820	39000	F	47.0
821	39500	F	47.0
822	40000	F	47.0
823	40500	F	47.0
824	41000	F	47.0
825	41500	F	47.0
826	42000	F	47.0
827	42500	F	47.0
828	43000	F	47.0
829	43500	F	47.0
830	44000	F	47.0
831	44500	F	47.0
832	45000	F	47.0
833	45500	F	47.0
834	46000	F	47.0
835	46500	F	47.0
836	47000	F	47.0
837	47500	F	47.0
838	48000	F	47.0
839	48500	F	47.0
840	49000	F	47.0
841	49500	F	47.0
842	50000	F	47.0
843	50500	F	47.0
844	51000	F	47.0
845	51500	F	47.0
846	52000	F	47.0
847	52500	F	47.0
848	53000	F	47.0
849	53500	F	47.0
850	54000	F	47.0
851	54500	F	47.0
852	55000	F	47.0
853	55500	F	47.0
854	56000	F	47.0
855	56500	F	47.0
856	57000	F	47.0
857	57500	F	47.0
858	58000	F	47.0
859	58500	F	47.0
860	59000	F	47.0
861	59500	F	47.0
862	60000	F	47.0
863	60500	F	47.0
864	61000	F	47.0
865	61500	F	47.0
866	62000	F	47.0
867	62500	F	47.0
868	63000	F	47.0
869	63500	F	47.0
870	64000	F	47.0
871	64500	F	47.0
872	65000	F	47.0
873	65500	F	47.0
874	66000	F	47.0
875	66500	F	47.0
876	67000	F	47.0
877	67500	F	47.0
878	68000	F	47.0
879	68500	F	47.0
880	69000	F	47.0
881	69500	F	47.0
882	70000	F	47.0
883	70500	F	47.0
884	71000	F	47.0
885	71500	F	47.0
886	72000	F	47.0
887	72500	F	47.0
888	73000	F	47.0
889	73500	F	47.0
890	74000	F	47.0
891	74500	F	47.0
892	75000	F	47.0
893	75500	F	47.0
894	76000	F	47.0
895	76500	F	47.0
896	77000	F	47.0
897	77500	F	47.0
898	78000	F	47.0
899	78500	F	47.0
900	79000	F	47.0
901	79500	F	47.0
902	80000	F	47.0
903	80500	F	47.0
904	81000	F	47.0
905	81500	F	47.0
906	82000	F	47.0
907	82500	F	47.0
908	83000	F	47.0
909	83500	F	47.0
910	84000	F	47.0
911	84500	F	47.0
912	85000	F	47.0
913	85500	F	47.0
914	86000	F	47.0
915	86500	F	47.0
916	87000	F	47.0
917	87500	F	47.0
918	88000	F	47.0
919	88500	F	47.0
920	0	G	0.0
921	500	G	32.8
922	1000	G	33.7
923	1500	G	33.8
924	2000	G	33.8
925	2500	G	34.0
926	3000	G	34.0
927	3500	G	34.0
928	4000	G	34.0
929	4500	G	34.0
930	5000	G	34.0
931	5500	G	34.0
932	6000	G	34.0
933	6500	G	34.0
934	7000	G	34.0
935	7500	G	34.0
936	8000	G	34.0
937	8500	G	34.0
938	9000	G	34.0
939	9500	G	34.0
940	10000	G	34.0
941	10500	G	34.0
942	11000	G	34.0
943	11500	G	34.0
944	12000	G	34.0
945	12500	G	34.0
946	13000	G	34.0
947	13500	G	34.0
948	14000	G	34.0
949	14500	G	34.0
950	15000	G	34.0
951	15500	G	34.0
952	16000	G	34.0
953	16500	G	34.0
954	17000	G	34.0
955	17500	G	34.0
956	18000	G	34.0
957	18500	G	34.0
958	19000	G	34.0
959	19500	G	34.0
960	20000	G	34.0
961	20500	G	34.0
962	21000	G	34.0
963	21500	G	34.0
964	22000	G	34.0
965	22500	G	34.0
966	23000	G	34.0
967	23500	G	34.0
968	24000	G	34.0
969	24500	G	34.0
970	25000	G	34.0
971	25500	G	34.0
972	26000	G	34.0
973	26500	G	34.0
974	27000	G	34.0
975	27500	G	34.0
976	28000	G	34.0
977	28500	G	34.0
978	29000	G	34.0
979	29500	G	34.0
980	30000	G	34.0
981	30500	G	34.0
982	31000	G	34.0
983	31500	G	34.0
984	32000	G	34.0
985	32500	G	34.0
986	33000	G	34.0
987	33500	G	34.0
988	34000	G	34.0
989	34500	G	34.0
990	35000	G	34.0
991	35500	G	34.0
992	36000	G	34.0
993	36500	G	34.0
994	37000	G	34.0
995	37500	G	34.0
996	38000	G	34.0
997	38500	G	34.0
998	39000	G	34.0
999	39500	G	34.0
1000	40000	G	34.0
1001	40500	G	34.0
1002	41000	G	34.0
1003	41500	G	34.0
1004	42000	G	34.0
1005	42500	G	34.0
1006	43000	G	34.0
1007	43500	G	34.0
1008	44000	G	34.0
1009	44500	G	34.0
1010	45000	G	34.0
1011	45500	G	34.0
1012	46000	G	34.0
1013	46500	G	34.0
1014	47000	G	34.0
1015	47500	G	34.0
1016	48000	G	34.0
1017	48500	G	34.0
1018	49000	G	34.0
1019	49500	G	34.0
1020	50000	G	34.0
1021	50500	G	34.0
1022	51000	G	34.0
1023	51500	G	34.0
1024	52000	G	34.0
1025	52500	G	34.0
1026	53000	G	34.0
1027	53500	G	34.0
1028	54000	G	34.0
1029	54500	G	34.0
1030	55000	G	34.0
1031	55500	G	34.0
1032	56000	G	34.0
1033	56500	G	34.0
1034	57000	G	34.0
1035	0	H	0.0
1036	500	H	38.4
1037	1000	H	38.8
1038	1500	H	38.8
1039	2000	H	38.8
1040	2500	H	39.0
1041	3000	H	39.0
1042	3500	H	39.0
1043	4000	H	39.0
1044	4500	H	39.0
1045	5000	H	39.0
1046	5500	H	39.0
1047	6000	H	39.0
1048	6500	H	39.0
1049	7000	H	39.0
1050	7500	H	39.0
1051	8000	H	39.0
1052	8500	H	39.0
1053	9000	H	39.0
1054	9500	H	39.0
1055	10000	H	39.0
1056	10500	H	39.0
1057	11000	H	39.0
1058	11500	H	39.0
1059	12000	H	39.0
1060	12500	H	39.0
1061	13000	H	39.0
1062	13500	H	39.0
1063	14000	H	39.0
1064	14500	H	39.0
1065	15000	H	39.0
1066	15500	H	39.0
1067	16000	H	39.0
1068	16500	H	39.0
1069	17000	H	39.0
1070	17500	H	39.0
1071	18000	H	39.0
1072	18500	H	39.0
1073	19000	H	39.0
1074	19500	H	39.0
1075	20000	H	39.0
1076	20500	H	39.0
1077	21000	H	39.0
1078	21500	H	39.0
1079	22000	H	39.0
1080	22500	H	39.0
1081	23000	H	39.0
1082	23500	H	39.0
1083	24000	H	39.0
1084	24500	H	39.0
1085	25000	H	39.0
1086	25500	H	39.0
1087	26000	H	39.0
1088	26500	H	39.0
1089	27000	H	39.0
1090	27500	H	39.0
1091	28000	H	39.0
1092	28500	H	39.0
1093	29000	H	39.0
1094	29500	H	39.0
1095	30000	H	39.0
1096	30500	H	39.0
1097	31000	H	39.0
1098	31500	H	39.0
1099	32000	H	39.0
1100	32500	H	39.0
1101	33000	H	39.0
1102	33500	H	39.0
1103	34000	H	39.0
1104	34500	H	39.0
1105	35000	H	39.0
1106	35500	H	39.0
1107	36000	H	39.0
1108	36500	H	39.0
1109	37000	H	39.0
1110	37500	H	39.0
1111	38000	H	39.0
1112	38500	H	39.0
1113	39000	H	39.0
1114	39500	H	39.0
1115	40000	H	39.0
1116	40500	H	39.0
1117	41000	H	39.0
1118	41500	H	39.0
1119	42000	H	39.0
1120	42500	H	39.0
1121	43000	H	39.0
1122	43500	H	39.0
1123	44000	H	39.0
1124	44500	H	39.0
1125	45000	H	39.0
1126	45500	H	39.0
1127	46000	H	39.0
1128	46500	H	39.0
1129	47000	H	39.0
1130	47500	H	39.0
1131	48000	H	39.0
1132	48500	H	39.0
1133	49000	H	39.0
1134	49500	H	39.0
1135	50000	H	39.0
1136	50500	H	39.0
1137	51000	H	39.0
1138	51500	H	39.0
1139	52000	H	39.0
1140	52500	H	39.0
1141	53000	H	39.0
1142	53500	H	39.0
1143	54000	H	39.0
1144	54500	H	39.0
1145	55000	H	39.0
1146	55500	H	39.0
1147	56000	H	39.0
1148	56500	H	39.0
1149	57000	H	39.0
1150	57500	H	39.0
1151	58000	H	39.0
1152	58500	H	39.0
1153	59000	H	39.0
1154	59500	H	39.0
1155	60000	H	39.0
1156	60500	H	39.0
1157	61000	H	39.0
1158	61500	H	39.0
1159	62000	H	39.0
1160	62500	H	39.0
1161	63000	H	39.0
1162	63500	H	39.0
1163	64000	H	39.0
1164	64500	H	39.0
1165	65000	H	39.0
1166	65500	H	39.0
1167	66000	H	39.0
1168	66500	H	39.0
1169	67000	H	39.0
1170	67500	H	39.0
1171	68000	H	39.0
1172	68500	H	39.0
1173	69000	H	39.0
1174	69500	H	39.0
1175	70000	H	39.0
1176	70500	H	39.0
1177	71000	H	39.0
1178	71500	H	39.0
1179	72000	H	39.0
1180	72500	H	39.0
1181	73000	H	39.0
1182	73500	H	39.0
1183	74000	H	39.0
1184	74500	H	39.0
1185	75000	H	39.0
1186	75500	H	39.0
1187	76000	H	39.0
1188	76500	H	39.0
1189	77000	H	39.0
1190	77500	H	39.0
1191	78000	H	39.0
1192	0	I	0.0
1193	500	I	42.8
1194	1000	I	44.5
1195	1500	I	44.7
1196	2000	I	45.0
1197	2500	I	45.0
1198	3000	I	44.9
1199	3500	I	45.0
1200	4000	I	45.0
1201	4500	I	45.0
1202	5000	I	45.0
1203	5500	I	45.0
1204	6000	I	45.0
1205	6500	I	45.0
1206	7000	I	45.0
1207	7500	I	45.0
1208	8000	I	45.0
1209	8500	I	45.0
1210	9000	I	45.0
1211	9500	I	45.0
1212	10000	I	45.0
1213	10500	I	45.0
1214	11000	I	45.0
1215	11500	I	45.0
1216	12000	I	45.0
1217	12500	I	45.0
1218	13000	I	45.0
1219	13500	I	45.0
1220	14000	I	45.0
1221	14500	I	45.0
1222	15000	I	45.0
1223	15500	I	45.0
1224	16000	I	45.0
1225	16500	I	45.0
1226	17000	I	45.0
1227	17500	I	45.0
1228	18000	I	45.0
1229	18500	I	45.0
1230	19000	I	45.0
1231	19500	I	45.0
1232	20000	I	45.0
1233	20500	I	45.0
1234	21000	I	45.0
1235	21500	I	45.0
1236	22000	I	45.0
1237	22500	I	45.0
1238	23000	I	45.0
1239	23500	I	45.0
1240	24000	I	45.0
1241	24500	I	45.0
1242	25000	I	45.0
1243	25500	I	45.0
1244	26000	I	45.0
1245	26500	I	45.0
1246	27000	I	45.0
1247	27500	I	45.0
1248	28000	I	45.0
1249	28500	I	45.0
1250	29000	I	45.0
1251	29500	I	45.0
1252	30000	I	45.0
1253	30500	I	45.0
1254	31000	I	45.0
1255	31500	I	45.0
1256	32000	I	45.0
1257	32500	I	45.0
1258	33000	I	45.0
1259	33500	I	45.0
1260	34000	I	45.0
1261	34500	I	45.0
1262	35000	I	45.0
1263	35500	I	45.0
1264	36000	I	45.0
1265	36500	I	45.0
1266	37000	I	45.0
1267	37500	I	45.0
1268	38000	I	45.0
1269	38500	I	45.0
1270	39000	I	45.0
1271	39500	I	45.0
1272	40000	I	45.0
1273	40500	I	45.0
1274	41000	I	45.0
1275	41500	I	45.0
1276	42000	I	45.0
1277	42500	I	45.0
1278	43000	I	45.0
1279	43500	I	45.0
1280	44000	I	45.0
1281	44500	I	45.0
1282	45000	I	45.0
1283	45500	I	45.0
1284	46000	I	45.0
1285	46500	I	45.0
1286	47000	I	45.0
1287	47500	I	45.0
1288	48000	I	45.0
1289	48500	I	45.0
1290	49000	I	45.0
1291	49500	I	45.0
1292	50000	I	45.0
1293	50500	I	45.0
1294	51000	I	45.0
1295	51500	I	45.0
1296	52000	I	45.0
1297	52500	I	45.0
1298	53000	I	45.0
1299	53500	I	45.0
1300	54000	I	45.0
1301	54500	I	45.0
1302	55000	I	45.0
1303	55500	I	45.0
1304	56000	I	45.0
1305	56500	I	45.0
1306	57000	I	45.0
1307	57500	I	45.0
1308	58000	I	45.0
1309	58500	I	45.0
1310	59000	I	45.0
1311	59500	I	45.0
1312	60000	I	45.0
1313	60500	I	45.0
1314	61000	I	45.0
1315	61500	I	45.0
1316	62000	I	45.0
1317	62500	I	45.0
1318	63000	I	45.0
1319	63500	I	45.0
1320	64000	I	45.0
1321	64500	I	45.0
1322	65000	I	45.0
1323	65500	I	45.0
1324	66000	I	45.0
1325	66500	I	45.0
1326	67000	I	45.0
1327	67500	I	45.0
1328	68000	I	45.0
1329	68500	I	45.0
1330	69000	I	45.0
1331	69500	I	45.0
1332	70000	I	45.0
1333	70500	I	45.0
1334	71000	I	45.0
1335	71500	I	45.0
1336	72000	I	45.0
1337	72500	I	45.0
1338	73000	I	45.0
1339	73500	I	45.0
1340	74000	I	45.0
1341	74500	I	45.0
1342	75000	I	45.0
1343	75500	I	45.0
1344	76000	I	45.0
1345	76500	I	45.0
1346	77000	I	45.0
1347	77500	I	45.0
1348	78000	I	45.0
1349	78500	I	45.0
1350	79000	I	45.0
1351	79500	I	45.0
1352	80000	I	45.0
1353	80500	I	45.0
1354	81000	I	45.0
1355	81500	I	45.0
1356	82000	I	45.0
1357	82500	I	45.0
1358	83000	I	45.0
1359	83500	I	45.0
1360	84000	I	45.0
1361	84500	I	45.0
1362	85000	I	45.0
1363	85500	I	45.0
1364	86000	I	45.0
1365	86500	I	45.0
1366	87000	I	45.0
1367	87500	I	45.0
1368	88000	I	45.0
1369	88500	I	45.0
1370	89000	I	45.0
1371	89500	I	45.0
1372	90000	I	45.0
1373	90500	I	45.0
1374	91000	I	45.0
1375	91500	I	45.0
1376	92000	I	45.0
1377	92500	I	45.0
1378	93000	I	45.0
1379	93500	I	45.0
1380	94000	I	45.0
1381	94500	I	45.0
1382	95000	I	45.0
1383	95500	I	45.0
1384	96000	I	45.0
1385	96500	I	45.0
1386	0	J	0.0
1387	500	J	38.1
1388	1000	J	38.6
1389	1500	J	38.7
1390	2000	J	39.0
1391	2500	J	38.9
1392	3000	J	38.8
1393	3500	J	39.2
1394	4000	J	39.1
1395	4500	J	39.2
1396	5000	J	39.4
1397	5500	J	39.2
1398	6000	J	39.3
1399	6500	J	39.4
1400	7000	J	39.5
1401	7500	J	39.7
1402	8000	J	39.4
1403	8500	J	39.2
1404	9000	J	39.7
1405	9500	J	39.5
1406	10000	J	39.1
1407	10500	J	39.4
1408	11000	J	39.7
1409	11500	J	39.4
1410	12000	J	39.6
1411	12500	J	39.4
1412	13000	J	39.5
1413	13500	J	39.8
1414	14000	J	39.4
1415	14500	J	39.3
1416	15000	J	39.6
1417	15500	J	39.5
1418	16000	J	39.5
1419	16500	J	39.8
1420	17000	J	39.8
1421	17500	J	39.7
1422	18000	J	39.6
1423	18500	J	39.7
1424	19000	J	39.9
1425	19500	J	39.8
1426	20000	J	39.7
1427	20500	J	39.7
1428	21000	J	39.8
1429	21500	J	39.7
1430	22000	J	39.8
1431	22500	J	39.9
1432	23000	J	39.8
1433	23500	J	39.6
1434	24000	J	39.7
1435	24500	J	39.7
1436	25000	J	39.8
1437	25500	J	39.8
1438	26000	J	39.7
1439	26500	J	39.9
1440	27000	J	39.7
1441	27500	J	39.8
1442	28000	J	39.8
1443	28500	J	39.9
1444	29000	J	39.8
1445	29500	J	39.7
1446	30000	J	39.8
1447	30500	J	39.8
1448	31000	J	39.9
1449	31500	J	39.8
1450	32000	J	39.9
1451	32500	J	39.8
1452	33000	J	40.0
1453	33500	J	40.0
1454	34000	J	39.9
1455	34500	J	39.8
1456	35000	J	39.9
1457	35500	J	39.8
1458	36000	J	40.0
1459	36500	J	39.7
1460	37000	J	39.9
1461	37500	J	40.0
1462	38000	J	40.0
1463	38500	J	39.9
1464	39000	J	39.8
1465	39500	J	39.9
1466	40000	J	39.9
1467	40500	J	39.8
1468	41000	J	39.9
1469	41500	J	40.0
1470	42000	J	40.0
1471	42500	J	39.9
1472	43000	J	40.0
1473	43500	J	40.0
1474	44000	J	40.0
1475	44500	J	40.0
1476	45000	J	39.9
1477	45500	J	40.0
1478	46000	J	39.9
1479	46500	J	39.8
1480	47000	J	40.0
1481	47500	J	40.0
1482	48000	J	39.9
1483	48500	J	40.0
1484	49000	J	39.9
1485	49500	J	39.9
1486	50000	J	40.0
1487	50500	J	39.9
1488	51000	J	40.0
1489	51500	J	40.0
1490	52000	J	40.0
1491	52500	J	40.0
1492	53000	J	39.9
1493	53500	J	40.0
1494	54000	J	40.0
1495	54500	J	40.0
1496	55000	J	40.0
1497	55500	J	40.0
1498	56000	J	39.9
1499	56500	J	40.0
1500	57000	J	40.0
1501	57500	J	40.0
1502	58000	J	40.0
1503	58500	J	40.0
1504	59000	J	40.0
1505	59500	J	40.0
1506	60000	J	40.0
1507	60500	J	40.0
1508	61000	J	39.9
1509	61500	J	40.0
1510	62000	J	40.0
1511	62500	J	40.0
1512	63000	J	40.0
1513	63500	J	40.0
1514	64000	J	39.9
1515	64500	J	40.0
1516	65000	J	40.0
1517	65500	J	40.0
1518	66000	J	40.0
1519	66500	J	39.9
1520	67000	J	40.0
1521	67500	J	40.0
1522	68000	J	40.0
1523	68500	J	40.0
1524	69000	J	39.9
1525	69500	J	40.0
1526	70000	J	40.0
1527	70500	J	40.0
1528	71000	J	40.0
1529	71500	J	40.0
1530	72000	J	40.0
1531	72500	J	40.0
1532	73000	J	40.0
1533	73500	J	39.9
1534	74000	J	40.0
1535	74500	J	40.0
1536	75000	J	40.0
1537	75500	J	40.0
1538	76000	J	40.0
1539	76500	J	40.0
1540	77000	J	40.0
1541	0	K	0.0
1542	500	K	47.3
1543	1000	K	48.3
1544	1500	K	48.4
1545	2000	K	48.6
1546	2500	K	48.8
1547	3000	K	48.7
1548	3500	K	48.9
1549	4000	K	48.9
1550	4500	K	49.0
1551	5000	K	49.0
1552	5500	K	48.9
1553	6000	K	49.0
1554	6500	K	49.0
1555	7000	K	49.0
1556	7500	K	49.0
1557	8000	K	49.0
1558	8500	K	49.0
1559	9000	K	49.0
1560	9500	K	49.0
1561	10000	K	49.0
1562	10500	K	49.0
1563	11000	K	49.0
1564	11500	K	49.0
1565	12000	K	49.0
1566	12500	K	49.0
1567	13000	K	49.0
1568	13500	K	49.0
1569	14000	K	49.0
1570	14500	K	49.0
1571	15000	K	49.0
1572	15500	K	49.0
1573	16000	K	49.0
1574	16500	K	49.0
1575	17000	K	49.0
1576	17500	K	49.0
1577	18000	K	49.0
1578	18500	K	49.0
1579	19000	K	49.0
1580	19500	K	49.0
1581	20000	K	49.0
1582	20500	K	49.0
1583	21000	K	49.0
1584	21500	K	49.0
1585	22000	K	49.0
1586	22500	K	49.0
1587	23000	K	49.0
1588	23500	K	49.0
1589	24000	K	49.0
1590	24500	K	49.0
1591	25000	K	49.0
1592	25500	K	49.0
1593	26000	K	49.0
1594	26500	K	49.0
1595	27000	K	49.0
1596	27500	K	49.0
1597	28000	K	49.0
1598	28500	K	49.0
1599	29000	K	49.0
1600	29500	K	49.0
1601	30000	K	49.0
1602	30500	K	49.0
1603	31000	K	49.0
1604	31500	K	49.0
1605	32000	K	49.0
1606	32500	K	49.0
1607	33000	K	49.0
1608	33500	K	49.0
1609	34000	K	49.0
1610	34500	K	49.0
1611	35000	K	49.0
1612	35500	K	49.0
1613	36000	K	49.0
1614	36500	K	49.0
1615	37000	K	49.0
1616	37500	K	49.0
1617	38000	K	49.0
1618	38500	K	49.0
1619	39000	K	49.0
1620	39500	K	49.0
1621	40000	K	49.0
1622	40500	K	49.0
1623	41000	K	49.0
1624	41500	K	49.0
1625	42000	K	49.0
1626	42500	K	49.0
1627	43000	K	49.0
1628	43500	K	49.0
1629	44000	K	49.0
1630	44500	K	49.0
1631	45000	K	49.0
1632	45500	K	49.0
1633	46000	K	49.0
1634	46500	K	49.0
1635	47000	K	49.0
1636	47500	K	49.0
1637	48000	K	49.0
1638	48500	K	49.0
1639	49000	K	49.0
1640	49500	K	49.0
1641	50000	K	49.0
1642	50500	K	49.0
1643	51000	K	49.0
1644	51500	K	49.0
1645	52000	K	49.0
1646	52500	K	49.0
1647	53000	K	49.0
1648	53500	K	49.0
1649	54000	K	49.0
1650	54500	K	49.0
1651	55000	K	49.0
1652	55500	K	49.0
1653	56000	K	49.0
1654	56500	K	49.0
1655	57000	K	49.0
1656	57500	K	49.0
1657	58000	K	49.0
1658	58500	K	49.0
1659	59000	K	49.0
1660	59500	K	49.0
1661	60000	K	49.0
1662	60500	K	49.0
1663	61000	K	49.0
1664	61500	K	49.0
1665	62000	K	49.0
1666	62500	K	49.0
1667	63000	K	49.0
1668	63500	K	49.0
1669	64000	K	49.0
1670	64500	K	49.0
1671	65000	K	49.0
1672	65500	K	49.0
1673	66000	K	49.0
1674	66500	K	49.0
1675	67000	K	49.0
1676	67500	K	49.0
1677	68000	K	49.0
1678	68500	K	49.0
1679	69000	K	49.0
1680	69500	K	49.0
1681	70000	K	49.0
1682	70500	K	49.0
1683	71000	K	49.0
1684	71500	K	49.0
1685	72000	K	49.0
1686	72500	K	49.0
1687	73000	K	49.0
1688	73500	K	49.0
1689	74000	K	49.0
1690	74500	K	49.0
1691	75000	K	49.0
1692	75500	K	49.0
1693	76000	K	49.0
1694	76500	K	49.0
1695	77000	K	49.0
1696	77500	K	49.0
1697	78000	K	49.0
1698	78500	K	49.0
1699	79000	K	49.0
1700	79500	K	49.0
1701	80000	K	49.0
1702	80500	K	49.0
1703	81000	K	49.0
1704	81500	K	49.0
1705	82000	K	49.0
1706	82500	K	49.0
1707	83000	K	49.0
1708	83500	K	49.0
1709	84000	K	49.0
1710	84500	K	49.0
1711	85000	K	49.0
1712	85500	K	49.0
1713	86000	K	49.0
1714	86500	K	49.0
1715	87000	K	49.0
1716	87500	K	49.0
1717	88000	K	49.0
1718	88500	K	49.0
1719	89000	K	49.0
1720	89500	K	49.0
1721	90000	K	49.0
1722	90500	K	49.0
1723	91000	K	49.0
1724	91500	K	49.0
1725	92000	K	49.0
1726	92500	K	49.0
1727	93000	K	49.0
1728	93500	K	49.0
1729	94000	K	49.0
1730	94500	K	49.0
1731	95000	K	49.0
1732	95500	K	49.0
1733	96000	K	49.0
1734	96500	K	49.0
1735	97000	K	49.0
1736	97500	K	49.0
1737	98000	K	49.0
1738	98500	K	49.0
1739	99000	K	49.0
1740	99500	K	49.0
1741	0	L	0.0
1742	500	L	43.0
1743	1000	L	43.7
1744	1500	L	43.9
1745	2000	L	43.9
1746	2500	L	44.0
1747	3000	L	44.2
1748	3500	L	44.1
1749	4000	L	44.2
1750	4500	L	44.1
1751	5000	L	44.3
1752	5500	L	44.3
1753	6000	L	44.2
1754	6500	L	44.5
1755	7000	L	44.4
1756	7500	L	44.3
1757	8000	L	44.5
1758	8500	L	44.5
1759	9000	L	44.7
1760	9500	L	44.2
1761	10000	L	44.1
1762	10500	L	44.2
1763	11000	L	44.3
1764	11500	L	44.6
1765	12000	L	44.3
1766	12500	L	44.4
1767	13000	L	44.1
1768	13500	L	44.4
1769	14000	L	44.7
1770	14500	L	44.6
1771	15000	L	44.5
1772	15500	L	44.5
1773	16000	L	44.6
1774	16500	L	44.6
1775	17000	L	44.6
1776	17500	L	44.3
1777	18000	L	44.6
1778	18500	L	44.7
1779	19000	L	44.5
1780	19500	L	44.8
1781	20000	L	44.8
1782	20500	L	44.5
1783	21000	L	44.5
1784	21500	L	44.9
1785	22000	L	44.9
1786	22500	L	44.9
1787	23000	L	44.8
1788	23500	L	44.7
1789	24000	L	44.8
1790	24500	L	44.8
1791	25000	L	44.8
1792	25500	L	44.9
1793	26000	L	44.5
1794	26500	L	44.7
1795	27000	L	44.5
1796	27500	L	44.8
1797	28000	L	44.6
1798	28500	L	44.7
1799	29000	L	44.8
1800	29500	L	44.9
1801	30000	L	45.0
1802	30500	L	44.7
1803	31000	L	44.8
1804	31500	L	45.0
1805	32000	L	44.8
1806	32500	L	44.8
1807	33000	L	44.6
1808	33500	L	45.0
1809	34000	L	44.9
1810	34500	L	44.9
1811	35000	L	44.9
1812	35500	L	44.9
1813	36000	L	44.8
1814	36500	L	44.9
1815	37000	L	44.9
1816	37500	L	44.7
1817	38000	L	45.0
1818	38500	L	44.8
1819	39000	L	44.8
1820	39500	L	44.8
1821	40000	L	44.9
1822	40500	L	44.8
1823	41000	L	44.9
1824	41500	L	44.8
1825	42000	L	44.9
1826	42500	L	44.8
1827	43000	L	44.8
1828	43500	L	44.9
1829	44000	L	44.9
1830	44500	L	45.0
1831	45000	L	44.8
1832	45500	L	45.0
1833	46000	L	45.0
1834	46500	L	45.0
1835	47000	L	44.9
1836	47500	L	44.9
1837	48000	L	45.0
1838	48500	L	45.0
1839	49000	L	45.0
1840	49500	L	44.9
1841	50000	L	45.0
1842	50500	L	45.0
1843	51000	L	45.0
1844	51500	L	44.9
1845	52000	L	44.8
1846	52500	L	44.8
1847	53000	L	45.0
1848	53500	L	44.8
1849	54000	L	44.9
1850	54500	L	45.0
1851	55000	L	44.9
1852	55500	L	44.9
1853	56000	L	45.0
1854	56500	L	44.9
1855	57000	L	44.9
1856	57500	L	45.0
1857	58000	L	45.0
1858	58500	L	44.9
1859	59000	L	45.0
1860	59500	L	44.9
1861	60000	L	45.0
1862	60500	L	45.0
1863	61000	L	45.0
1864	61500	L	45.0
1865	62000	L	45.0
1866	62500	L	45.0
1867	63000	L	45.0
1868	63500	L	45.0
1869	64000	L	45.0
1870	64500	L	44.9
1871	65000	L	44.8
1872	65500	L	44.9
1873	66000	L	45.0
1874	66500	L	45.0
1875	67000	L	44.9
1876	67500	L	45.0
1877	68000	L	45.0
1878	68500	L	45.0
1879	69000	L	45.0
1880	69500	L	44.8
1881	70000	L	44.9
1882	70500	L	45.0
1883	71000	L	45.0
1884	71500	L	45.0
1885	72000	L	44.9
1886	72500	L	45.0
1887	73000	L	45.0
1888	73500	L	45.0
1889	74000	L	45.0
1890	74500	L	45.0
1891	75000	L	45.0
1892	75500	L	45.0
1893	76000	L	45.0
1894	76500	L	45.0
1895	77000	L	45.0
1896	77500	L	45.0
1897	78000	L	45.0
1898	78500	L	45.0
1899	79000	L	45.0
1900	79500	L	45.0
1901	80000	L	45.0
1902	80500	L	45.0
1903	81000	L	45.0
1904	81500	L	45.0
1905	82000	L	45.0
1906	82500	L	45.0
1907	83000	L	45.0
1908	83500	L	45.0
1909	84000	L	45.0
1910	84500	L	45.0
1911	85000	L	45.0
1912	85500	L	45.0
1913	86000	L	45.0
1914	86500	L	45.0
1915	87000	L	45.0
1916	87500	L	45.0
1917	88000	L	45.0
1918	88500	L	45.0
1919	89000	L	45.0
1920	89500	L	44.9
1921	90000	L	45.0
1922	90500	L	45.0
1923	91000	L	45.0
1924	91500	L	45.0
1925	92000	L	45.0
1926	92500	L	45.0
1927	0	M	0.0
1928	500	M	33.8
1929	1000	M	35.0
1930	1500	M	34.9
1931	2000	M	34.8
1932	2500	M	35.0
1933	3000	M	35.0
1934	3500	M	35.0
1935	4000	M	35.0
1936	4500	M	35.0
1937	5000	M	35.0
1938	5500	M	35.0
1939	6000	M	35.0
1940	6500	M	35.0
1941	7000	M	35.0
1942	7500	M	35.0
1943	8000	M	35.0
1944	8500	M	35.0
1945	9000	M	35.0
1946	9500	M	35.0
1947	10000	M	35.0
1948	10500	M	35.0
1949	11000	M	35.0
1950	11500	M	35.0
1951	12000	M	35.0
1952	12500	M	35.0
1953	13000	M	35.0
1954	13500	M	35.0
1955	14000	M	35.0
1956	14500	M	35.0
1957	15000	M	35.0
1958	15500	M	35.0
1959	16000	M	35.0
1960	16500	M	35.0
1961	17000	M	35.0
1962	17500	M	35.0
1963	18000	M	35.0
1964	18500	M	35.0
1965	19000	M	35.0
1966	19500	M	35.0
1967	20000	M	35.0
1968	20500	M	35.0
1969	21000	M	35.0
1970	21500	M	35.0
1971	22000	M	35.0
1972	22500	M	35.0
1973	23000	M	35.0
1974	23500	M	35.0
1975	24000	M	35.0
1976	24500	M	35.0
1977	25000	M	35.0
1978	25500	M	35.0
1979	26000	M	35.0
1980	26500	M	35.0
1981	27000	M	35.0
1982	27500	M	35.0
1983	28000	M	35.0
1984	28500	M	35.0
1985	29000	M	35.0
1986	29500	M	35.0
1987	30000	M	35.0
1988	30500	M	35.0
1989	31000	M	35.0
1990	31500	M	35.0
1991	32000	M	35.0
1992	32500	M	35.0
1993	33000	M	35.0
1994	33500	M	35.0
1995	34000	M	35.0
1996	34500	M	35.0
1997	35000	M	35.0
1998	35500	M	35.0
1999	36000	M	35.0
2000	36500	M	35.0
2001	37000	M	35.0
2002	37500	M	35.0
2003	38000	M	35.0
2004	38500	M	35.0
2005	39000	M	35.0
2006	39500	M	35.0
2007	40000	M	35.0
2008	40500	M	35.0
2009	41000	M	35.0
2010	41500	M	35.0
2011	42000	M	35.0
2012	42500	M	35.0
2013	43000	M	35.0
2014	43500	M	35.0
2015	44000	M	35.0
2016	44500	M	35.0
2017	45000	M	35.0
2018	45500	M	35.0
2019	46000	M	35.0
2020	46500	M	35.0
2021	47000	M	35.0
2022	47500	M	35.0
2023	48000	M	35.0
2024	48500	M	35.0
2025	49000	M	35.0
2026	49500	M	35.0
2027	50000	M	35.0
2028	50500	M	35.0
2029	51000	M	35.0
2030	51500	M	35.0
2031	52000	M	35.0
2032	52500	M	35.0
2033	53000	M	35.0
2034	53500	M	35.0
2035	54000	M	35.0
2036	54500	M	35.0
2037	55000	M	35.0
2038	55500	M	35.0
2039	56000	M	35.0
2040	56500	M	35.0
2041	57000	M	35.0
2042	57500	M	35.0
2043	58000	M	35.0
2044	58500	M	35.0
2045	59000	M	35.0
2046	59500	M	35.0
2047	60000	M	35.0
2048	60500	M	35.0
2049	0	N	0.0
2050	500	N	32.6
2051	1000	N	34.5
2052	1500	N	35.3
2053	2000	N	35.8
2054	2500	N	35.6
2055	3000	N	35.7
2056	3500	N	35.9
2057	4000	N	35.7
2058	4500	N	35.8
2059	5000	N	35.9
2060	5500	N	35.9
2061	6000	N	36.0
2062	6500	N	36.0
2063	7000	N	36.0
2064	7500	N	36.0
2065	8000	N	36.0
2066	8500	N	35.9
2067	9000	N	36.0
2068	9500	N	36.0
2069	10000	N	36.0
2070	10500	N	36.0
2071	11000	N	36.0
2072	11500	N	36.0
2073	12000	N	36.0
2074	12500	N	36.0
2075	13000	N	36.0
2076	13500	N	36.0
2077	14000	N	36.0
2078	14500	N	36.0
2079	15000	N	36.0
2080	15500	N	36.0
2081	16000	N	36.0
2082	16500	N	36.0
2083	17000	N	36.0
2084	17500	N	36.0
2085	18000	N	36.0
2086	18500	N	36.0
2087	19000	N	36.0
2088	19500	N	36.0
2089	20000	N	36.0
2090	20500	N	36.0
2091	21000	N	36.0
2092	21500	N	36.0
2093	22000	N	36.0
2094	22500	N	36.0
2095	23000	N	36.0
2096	23500	N	36.0
2097	24000	N	36.0
2098	24500	N	36.0
2099	25000	N	36.0
2100	25500	N	36.0
2101	26000	N	36.0
2102	26500	N	36.0
2103	27000	N	36.0
2104	27500	N	36.0
2105	28000	N	36.0
2106	28500	N	36.0
2107	29000	N	36.0
2108	29500	N	36.0
2109	30000	N	36.0
2110	30500	N	36.0
2111	31000	N	36.0
2112	31500	N	36.0
2113	32000	N	36.0
2114	32500	N	36.0
2115	33000	N	36.0
2116	33500	N	36.0
2117	34000	N	36.0
2118	34500	N	36.0
2119	35000	N	36.0
2120	35500	N	36.0
2121	36000	N	36.0
2122	36500	N	36.0
2123	37000	N	36.0
2124	37500	N	36.0
2125	38000	N	36.0
2126	38500	N	36.0
2127	39000	N	36.0
2128	39500	N	36.0
2129	40000	N	36.0
2130	40500	N	36.0
2131	41000	N	36.0
2132	41500	N	36.0
2133	42000	N	36.0
2134	42500	N	36.0
2135	43000	N	36.0
2136	43500	N	36.0
2137	44000	N	36.0
2138	44500	N	36.0
2139	45000	N	36.0
2140	45500	N	36.0
2141	46000	N	36.0
2142	46500	N	36.0
2143	47000	N	36.0
2144	47500	N	36.0
2145	48000	N	36.0
2146	48500	N	36.0
2147	49000	N	36.0
2148	49500	N	36.0
2149	50000	N	36.0
2150	50500	N	36.0
2151	51000	N	36.0
2152	51500	N	36.0
2153	52000	N	36.0
2154	52500	N	36.0
2155	53000	N	36.0
2156	53500	N	36.0
2157	54000	N	36.0
2158	54500	N	36.0
2159	55000	N	36.0
2160	55500	N	36.0
2161	56000	N	36.0
2162	56500	N	36.0
2163	57000	N	36.0
2164	57500	N	36.0
2165	58000	N	36.0
2166	58500	N	36.0
2167	59000	N	36.0
2168	59500	N	36.0
2169	60000	N	36.0
2170	60500	N	36.0
2171	0	O	0.0
2172	500	O	33.6
2173	1000	O	34.7
2174	1500	O	34.8
2175	2000	O	34.9
2176	2500	O	34.9
2177	3000	O	35.0
2178	3500	O	35.0
2179	4000	O	35.0
2180	4500	O	35.0
2181	5000	O	35.0
2182	5500	O	35.0
2183	6000	O	35.0
2184	6500	O	35.0
2185	7000	O	35.0
2186	7500	O	35.0
2187	8000	O	35.0
2188	8500	O	35.0
2189	9000	O	35.0
2190	9500	O	35.0
2191	10000	O	35.0
2192	10500	O	35.0
2193	11000	O	35.0
2194	11500	O	35.0
2195	12000	O	35.0
2196	12500	O	35.0
2197	13000	O	35.0
2198	13500	O	35.0
2199	14000	O	35.0
2200	14500	O	35.0
2201	15000	O	35.0
2202	15500	O	35.0
2203	16000	O	35.0
2204	16500	O	35.0
2205	17000	O	35.0
2206	17500	O	35.0
2207	18000	O	35.0
2208	18500	O	35.0
2209	19000	O	35.0
2210	19500	O	35.0
2211	20000	O	35.0
2212	20500	O	35.0
2213	21000	O	35.0
2214	21500	O	35.0
2215	22000	O	35.0
2216	22500	O	35.0
2217	23000	O	35.0
2218	23500	O	35.0
2219	24000	O	35.0
2220	24500	O	35.0
2221	25000	O	35.0
2222	25500	O	35.0
2223	26000	O	35.0
2224	26500	O	35.0
2225	27000	O	35.0
2226	27500	O	35.0
2227	28000	O	35.0
2228	28500	O	35.0
2229	29000	O	35.0
2230	29500	O	35.0
2231	30000	O	35.0
2232	30500	O	35.0
2233	31000	O	35.0
2234	31500	O	35.0
2235	32000	O	35.0
2236	32500	O	35.0
2237	33000	O	35.0
2238	33500	O	35.0
2239	34000	O	35.0
2240	34500	O	35.0
2241	35000	O	35.0
2242	35500	O	35.0
2243	36000	O	35.0
2244	36500	O	35.0
2245	37000	O	35.0
2246	37500	O	35.0
2247	38000	O	35.0
2248	38500	O	35.0
2249	39000	O	35.0
2250	39500	O	35.0
2251	40000	O	35.0
2252	40500	O	35.0
2253	41000	O	35.0
2254	41500	O	35.0
2255	42000	O	35.0
2256	42500	O	35.0
2257	43000	O	35.0
2258	43500	O	35.0
2259	44000	O	35.0
2260	44500	O	35.0
2261	45000	O	35.0
2262	45500	O	35.0
2263	46000	O	35.0
2264	46500	O	35.0
2265	47000	O	35.0
2266	47500	O	35.0
2267	48000	O	35.0
2268	48500	O	35.0
2269	49000	O	35.0
2270	49500	O	35.0
2271	50000	O	35.0
2272	50500	O	35.0
2273	51000	O	35.0
2274	51500	O	35.0
2275	52000	O	35.0
2276	52500	O	35.0
2277	53000	O	35.0
2278	53500	O	35.0
2279	54000	O	35.0
2280	54500	O	35.0
2281	55000	O	35.0
2282	55500	O	35.0
2283	56000	O	35.0
2284	56500	O	35.0
2285	57000	O	35.0
2286	57500	O	35.0
2287	58000	O	35.0
2288	58500	O	35.0
2289	59000	O	35.0
2290	59500	O	35.0
2291	60000	O	35.0
2292	60500	O	35.0
2293	61000	O	35.0
2294	61500	O	35.0
2295	62000	O	35.0
2296	62500	O	35.0
2297	63000	O	35.0
2298	63500	O	35.0
2299	64000	O	35.0
2300	64500	O	35.0
2301	65000	O	35.0
2302	65500	O	35.0
2303	66000	O	35.0
2304	66500	O	35.0
2305	67000	O	35.0
2306	67500	O	35.0
2307	68000	O	35.0
2308	68500	O	35.0
2309	69000	O	35.0
2310	0	P	0.0
2311	500	P	45.9
2312	1000	P	48.4
2313	1500	P	49.1
2314	2000	P	49.3
2315	2500	P	49.7
2316	3000	P	49.8
2317	3500	P	49.8
2318	4000	P	49.8
2319	4500	P	49.8
2320	5000	P	50.0
2321	5500	P	49.9
2322	6000	P	50.0
2323	6500	P	50.0
2324	7000	P	50.0
2325	7500	P	50.0
2326	8000	P	50.0
2327	8500	P	50.0
2328	9000	P	50.0
2329	9500	P	50.0
2330	10000	P	50.0
2331	10500	P	50.0
2332	11000	P	50.0
2333	11500	P	50.0
2334	12000	P	50.0
2335	12500	P	50.0
2336	13000	P	50.0
2337	13500	P	50.0
2338	14000	P	50.0
2339	14500	P	50.0
2340	15000	P	50.0
2341	15500	P	50.0
2342	16000	P	50.0
2343	16500	P	50.0
2344	17000	P	50.0
2345	17500	P	50.0
2346	18000	P	50.0
2347	18500	P	50.0
2348	19000	P	50.0
2349	19500	P	50.0
2350	20000	P	50.0
2351	20500	P	50.0
2352	21000	P	50.0
2353	21500	P	50.0
2354	22000	P	50.0
2355	22500	P	50.0
2356	23000	P	50.0
2357	23500	P	50.0
2358	24000	P	50.0
2359	24500	P	50.0
2360	25000	P	50.0
2361	25500	P	50.0
2362	26000	P	50.0
2363	26500	P	50.0
2364	27000	P	50.0
2365	27500	P	50.0
2366	28000	P	50.0
2367	28500	P	50.0
2368	29000	P	50.0
2369	29500	P	50.0
2370	30000	P	50.0
2371	30500	P	50.0
2372	31000	P	50.0
2373	31500	P	50.0
2374	32000	P	50.0
2375	32500	P	50.0
2376	33000	P	50.0
2377	33500	P	50.0
2378	34000	P	50.0
2379	34500	P	50.0
2380	35000	P	50.0
2381	35500	P	50.0
2382	36000	P	50.0
2383	36500	P	50.0
2384	37000	P	50.0
2385	37500	P	50.0
2386	38000	P	50.0
2387	38500	P	50.0
2388	39000	P	50.0
2389	39500	P	50.0
2390	40000	P	50.0
2391	40500	P	50.0
2392	41000	P	50.0
2393	41500	P	50.0
2394	42000	P	50.0
2395	42500	P	50.0
2396	43000	P	50.0
2397	43500	P	50.0
2398	44000	P	50.0
2399	44500	P	50.0
2400	45000	P	50.0
2401	45500	P	50.0
2402	46000	P	50.0
2403	46500	P	50.0
2404	47000	P	50.0
2405	47500	P	50.0
2406	48000	P	50.0
2407	48500	P	50.0
2408	49000	P	50.0
2409	49500	P	50.0
2410	50000	P	50.0
2411	50500	P	50.0
2412	51000	P	50.0
2413	51500	P	50.0
2414	52000	P	50.0
2415	52500	P	50.0
2416	53000	P	50.0
2417	53500	P	50.0
2418	54000	P	50.0
2419	54500	P	50.0
2420	55000	P	50.0
2421	55500	P	50.0
2422	56000	P	50.0
2423	56500	P	50.0
2424	57000	P	50.0
2425	57500	P	50.0
2426	58000	P	50.0
2427	58500	P	50.0
2428	59000	P	50.0
2429	59500	P	50.0
2430	60000	P	50.0
2431	60500	P	50.0
2432	61000	P	50.0
2433	61500	P	50.0
2434	62000	P	50.0
2435	62500	P	50.0
2436	63000	P	50.0
2437	63500	P	50.0
2438	64000	P	50.0
2439	64500	P	50.0
2440	65000	P	50.0
2441	65500	P	50.0
2442	66000	P	50.0
2443	66500	P	50.0
2444	67000	P	50.0
2445	67500	P	50.0
2446	68000	P	50.0
2447	68500	P	50.0
2448	69000	P	50.0
2449	69500	P	50.0
2450	70000	P	50.0
2451	70500	P	50.0
2452	71000	P	50.0
2453	71500	P	50.0
2454	72000	P	50.0
2455	72500	P	50.0
2456	73000	P	50.0
2457	73500	P	50.0
2458	74000	P	50.0
2459	74500	P	50.0
2460	75000	P	50.0
2461	75500	P	50.0
2462	76000	P	50.0
2463	76500	P	50.0
2464	77000	P	50.0
2465	77500	P	50.0
2466	78000	P	50.0
2467	78500	P	50.0
2468	79000	P	50.0
2469	79500	P	50.0
2470	80000	P	50.0
2471	80500	P	50.0
2472	81000	P	50.0
2473	81500	P	50.0
2474	82000	P	50.0
2475	82500	P	50.0
2476	83000	P	50.0
2477	83500	P	50.0
2478	84000	P	50.0
2479	84500	P	50.0
2480	85000	P	50.0
2481	85500	P	50.0
2482	86000	P	50.0
2483	86500	P	50.0
2484	87000	P	50.0
2485	87500	P	50.0
2486	88000	P	50.0
2487	88500	P	50.0
2488	89000	P	50.0
2489	89500	P	50.0
2490	90000	P	50.0
2491	90500	P	50.0
2492	91000	P	50.0
2493	91500	P	50.0
2494	92000	P	50.0
2495	92500	P	50.0
2496	93000	P	50.0
2497	93500	P	50.0
2498	94000	P	50.0
2499	94500	P	50.0
2500	95000	P	50.0
2501	0	Q	0.0
2502	500	Q	45.7
2503	1000	Q	47.1
2504	1500	Q	47.4
2505	2000	Q	47.6
2506	2500	Q	47.9
2507	3000	Q	47.5
2508	3500	Q	47.8
2509	4000	Q	47.9
2510	4500	Q	47.7
2511	5000	Q	48.1
2512	5500	Q	48.1
2513	6000	Q	48.2
2514	6500	Q	47.9
2515	7000	Q	48.1
2516	7500	Q	48.2
2517	8000	Q	48.2
2518	8500	Q	48.1
2519	9000	Q	48.1
2520	9500	Q	48.1
2521	10000	Q	48.4
2522	10500	Q	48.1
2523	11000	Q	48.2
2524	11500	Q	48.1
2525	12000	Q	48.3
2526	12500	Q	48.6
2527	13000	Q	48.3
2528	13500	Q	48.2
2529	14000	Q	48.2
2530	14500	Q	48.4
2531	15000	Q	48.3
2532	15500	Q	48.2
2533	16000	Q	48.0
2534	16500	Q	48.2
2535	17000	Q	48.3
2536	17500	Q	48.1
2537	18000	Q	48.4
2538	18500	Q	48.4
2539	19000	Q	48.5
2540	19500	Q	48.2
2541	20000	Q	48.3
2542	20500	Q	48.4
2543	21000	Q	48.7
2544	21500	Q	48.2
2545	22000	Q	48.4
2546	22500	Q	48.4
2547	23000	Q	48.5
2548	23500	Q	48.5
2549	24000	Q	48.3
2550	24500	Q	48.3
2551	25000	Q	48.2
2552	25500	Q	48.2
2553	26000	Q	48.5
2554	26500	Q	48.4
2555	27000	Q	48.4
2556	27500	Q	48.2
2557	28000	Q	48.5
2558	28500	Q	48.5
2559	29000	Q	48.4
2560	29500	Q	48.7
2561	30000	Q	48.5
2562	30500	Q	48.6
2563	31000	Q	48.7
2564	31500	Q	48.6
2565	32000	Q	48.3
2566	32500	Q	48.6
2567	33000	Q	48.7
2568	33500	Q	48.7
2569	34000	Q	48.6
2570	34500	Q	48.4
2571	35000	Q	48.6
2572	35500	Q	48.6
2573	36000	Q	48.8
2574	36500	Q	48.3
2575	37000	Q	48.4
2576	37500	Q	48.5
2577	38000	Q	48.2
2578	38500	Q	48.7
2579	39000	Q	48.7
2580	39500	Q	48.8
2581	40000	Q	48.4
2582	40500	Q	48.6
2583	41000	Q	48.4
2584	41500	Q	48.6
2585	42000	Q	48.7
2586	42500	Q	48.7
2587	43000	Q	48.4
2588	43500	Q	48.6
2589	44000	Q	48.6
2590	44500	Q	48.6
2591	45000	Q	48.5
2592	45500	Q	48.8
2593	46000	Q	48.8
2594	46500	Q	48.7
2595	47000	Q	48.8
2596	47500	Q	48.5
2597	48000	Q	48.7
2598	48500	Q	48.8
2599	49000	Q	48.9
2600	49500	Q	48.8
2601	50000	Q	48.8
2602	50500	Q	48.8
2603	51000	Q	48.8
2604	51500	Q	48.5
2605	52000	Q	48.7
2606	52500	Q	48.9
2607	53000	Q	48.6
2608	53500	Q	48.9
2609	54000	Q	48.9
2610	54500	Q	48.8
2611	55000	Q	48.9
2612	55500	Q	48.7
2613	56000	Q	48.8
2614	56500	Q	48.4
2615	57000	Q	48.9
2616	57500	Q	48.5
2617	58000	Q	48.7
2618	58500	Q	48.8
2619	59000	Q	48.6
2620	59500	Q	48.6
2621	60000	Q	48.8
2622	60500	Q	48.7
2623	61000	Q	48.6
2624	61500	Q	49.0
2625	62000	Q	48.8
2626	62500	Q	48.9
2627	63000	Q	48.7
2628	63500	Q	48.9
2629	64000	Q	48.7
2630	64500	Q	48.9
2631	65000	Q	48.8
2632	65500	Q	48.5
2633	66000	Q	48.8
2634	66500	Q	48.9
2635	67000	Q	48.6
2636	67500	Q	48.7
2637	68000	Q	48.8
2638	68500	Q	48.9
2639	69000	Q	48.5
2640	69500	Q	48.5
2641	70000	Q	48.9
2642	70500	Q	48.7
2643	71000	Q	48.8
2644	71500	Q	48.7
2645	72000	Q	48.8
2646	72500	Q	48.9
2647	73000	Q	48.9
2648	73500	Q	48.8
2649	74000	Q	48.7
2650	74500	Q	48.8
2651	75000	Q	48.9
2652	75500	Q	48.9
2653	76000	Q	48.9
2654	76500	Q	48.9
2655	77000	Q	48.8
2656	77500	Q	48.7
2657	78000	Q	48.9
2658	78500	Q	48.8
2659	79000	Q	48.8
2660	79500	Q	48.9
2661	80000	Q	48.9
2662	80500	Q	48.9
2663	81000	Q	49.0
2664	81500	Q	48.9
2665	82000	Q	48.9
2666	82500	Q	48.9
2667	83000	Q	48.9
2668	83500	Q	48.9
2669	84000	Q	48.9
2670	84500	Q	48.9
2671	85000	Q	48.8
2672	85500	Q	48.8
2673	86000	Q	48.7
2674	86500	Q	48.8
2675	87000	Q	49.0
2676	87500	Q	49.0
2677	88000	Q	48.9
2678	0	R	0.0
2679	500	R	39.0
2680	1000	R	39.4
2681	1500	R	39.8
2682	2000	R	39.9
2683	2500	R	40.0
2684	3000	R	40.0
2685	3500	R	40.0
2686	4000	R	40.0
2687	4500	R	39.9
2688	5000	R	40.0
2689	5500	R	40.0
2690	6000	R	40.0
2691	6500	R	40.0
2692	7000	R	40.0
2693	7500	R	40.0
2694	8000	R	40.0
2695	8500	R	40.0
2696	9000	R	40.0
2697	9500	R	40.0
2698	10000	R	40.0
2699	10500	R	40.0
2700	11000	R	40.0
2701	11500	R	40.0
2702	12000	R	40.0
2703	12500	R	40.0
2704	13000	R	40.0
2705	13500	R	40.0
2706	14000	R	40.0
2707	14500	R	40.0
2708	15000	R	40.0
2709	15500	R	40.0
2710	16000	R	40.0
2711	16500	R	40.0
2712	17000	R	40.0
2713	17500	R	40.0
2714	18000	R	40.0
2715	18500	R	40.0
2716	19000	R	40.0
2717	19500	R	40.0
2718	20000	R	40.0
2719	20500	R	40.0
2720	21000	R	40.0
2721	21500	R	40.0
2722	22000	R	40.0
2723	22500	R	40.0
2724	23000	R	40.0
2725	23500	R	40.0
2726	24000	R	40.0
2727	24500	R	40.0
2728	25000	R	40.0
2729	25500	R	40.0
2730	26000	R	40.0
2731	26500	R	40.0
2732	27000	R	40.0
2733	27500	R	40.0
2734	28000	R	40.0
2735	28500	R	40.0
2736	29000	R	40.0
2737	29500	R	40.0
2738	30000	R	40.0
2739	30500	R	40.0
2740	31000	R	40.0
2741	31500	R	40.0
2742	32000	R	40.0
2743	32500	R	40.0
2744	33000	R	40.0
2745	33500	R	40.0
2746	34000	R	40.0
2747	34500	R	40.0
2748	35000	R	40.0
2749	35500	R	40.0
2750	36000	R	40.0
2751	36500	R	40.0
2752	37000	R	40.0
2753	37500	R	40.0
2754	38000	R	40.0
2755	38500	R	40.0
2756	39000	R	40.0
2757	39500	R	40.0
2758	40000	R	40.0
2759	40500	R	40.0
2760	41000	R	40.0
2761	41500	R	40.0
2762	42000	R	40.0
2763	42500	R	40.0
2764	43000	R	40.0
2765	43500	R	40.0
2766	44000	R	40.0
2767	44500	R	40.0
2768	45000	R	40.0
2769	45500	R	40.0
2770	46000	R	40.0
2771	46500	R	40.0
2772	47000	R	40.0
2773	47500	R	40.0
2774	48000	R	40.0
2775	48500	R	40.0
2776	49000	R	40.0
2777	49500	R	40.0
2778	50000	R	40.0
2779	50500	R	40.0
2780	51000	R	40.0
2781	51500	R	40.0
2782	52000	R	40.0
2783	52500	R	40.0
2784	53000	R	40.0
2785	53500	R	40.0
2786	54000	R	40.0
2787	54500	R	40.0
2788	55000	R	40.0
2789	55500	R	40.0
2790	56000	R	40.0
2791	56500	R	40.0
2792	57000	R	40.0
2793	57500	R	40.0
2794	58000	R	40.0
2795	58500	R	40.0
2796	59000	R	40.0
2797	59500	R	40.0
2798	60000	R	40.0
2799	60500	R	40.0
2800	61000	R	40.0
2801	61500	R	40.0
2802	62000	R	40.0
2803	62500	R	40.0
2804	63000	R	40.0
2805	63500	R	40.0
2806	64000	R	40.0
2807	64500	R	40.0
2808	65000	R	40.0
2809	65500	R	40.0
2810	66000	R	40.0
2811	66500	R	40.0
2812	67000	R	40.0
2813	67500	R	40.0
2814	68000	R	40.0
2815	68500	R	40.0
2816	69000	R	40.0
2817	69500	R	40.0
2818	70000	R	40.0
2819	70500	R	40.0
2820	71000	R	40.0
2821	71500	R	40.0
2822	72000	R	40.0
2823	72500	R	40.0
2824	73000	R	40.0
2825	73500	R	40.0
2826	74000	R	40.0
2827	74500	R	40.0
2828	75000	R	40.0
2829	75500	R	40.0
2830	76000	R	40.0
2831	76500	R	40.0
2832	0	S	0.0
2833	500	S	41.9
2834	1000	S	42.8
2835	1500	S	43.7
2836	2000	S	44.0
2837	2500	S	43.8
2838	3000	S	43.9
2839	3500	S	43.9
2840	4000	S	44.0
2841	4500	S	44.0
2842	5000	S	43.9
2843	5500	S	43.9
2844	6000	S	44.0
2845	6500	S	44.0
2846	7000	S	44.0
2847	7500	S	44.0
2848	8000	S	44.0
2849	8500	S	44.0
2850	9000	S	44.0
2851	9500	S	44.0
2852	10000	S	44.0
2853	10500	S	44.0
2854	11000	S	44.0
2855	11500	S	44.0
2856	12000	S	44.0
2857	12500	S	44.0
2858	13000	S	44.0
2859	13500	S	44.0
2860	14000	S	44.0
2861	14500	S	44.0
2862	15000	S	44.0
2863	15500	S	44.0
2864	16000	S	44.0
2865	16500	S	44.0
2866	17000	S	44.0
2867	17500	S	44.0
2868	18000	S	44.0
2869	18500	S	44.0
2870	19000	S	44.0
2871	19500	S	44.0
2872	20000	S	44.0
2873	20500	S	44.0
2874	21000	S	44.0
2875	21500	S	44.0
2876	22000	S	44.0
2877	22500	S	44.0
2878	23000	S	44.0
2879	23500	S	44.0
2880	24000	S	44.0
2881	24500	S	44.0
2882	25000	S	44.0
2883	25500	S	44.0
2884	26000	S	44.0
2885	26500	S	44.0
2886	27000	S	44.0
2887	27500	S	44.0
2888	28000	S	44.0
2889	28500	S	44.0
2890	29000	S	44.0
2891	29500	S	44.0
2892	30000	S	44.0
2893	30500	S	44.0
2894	31000	S	44.0
2895	31500	S	44.0
2896	32000	S	44.0
2897	32500	S	44.0
2898	33000	S	44.0
2899	33500	S	44.0
2900	34000	S	44.0
2901	34500	S	44.0
2902	35000	S	44.0
2903	35500	S	44.0
2904	36000	S	44.0
2905	36500	S	44.0
2906	37000	S	44.0
2907	37500	S	44.0
2908	38000	S	44.0
2909	38500	S	44.0
2910	39000	S	44.0
2911	39500	S	44.0
2912	40000	S	44.0
2913	40500	S	44.0
2914	41000	S	44.0
2915	41500	S	44.0
2916	42000	S	44.0
2917	42500	S	44.0
2918	43000	S	44.0
2919	43500	S	44.0
2920	44000	S	44.0
2921	44500	S	44.0
2922	45000	S	44.0
2923	45500	S	44.0
2924	46000	S	44.0
2925	46500	S	44.0
2926	47000	S	44.0
2927	47500	S	44.0
2928	48000	S	44.0
2929	48500	S	44.0
2930	49000	S	44.0
2931	49500	S	44.0
2932	50000	S	44.0
2933	50500	S	44.0
2934	51000	S	44.0
2935	51500	S	44.0
2936	52000	S	44.0
2937	52500	S	44.0
2938	53000	S	44.0
2939	53500	S	44.0
2940	54000	S	44.0
2941	54500	S	44.0
2942	55000	S	44.0
2943	55500	S	44.0
2944	56000	S	44.0
2945	56500	S	44.0
2946	57000	S	44.0
2947	57500	S	44.0
2948	58000	S	44.0
2949	58500	S	44.0
2950	59000	S	44.0
2951	59500	S	44.0
2952	60000	S	44.0
2953	60500	S	44.0
2954	61000	S	44.0
2955	61500	S	44.0
2956	62000	S	44.0
2957	62500	S	44.0
2958	63000	S	44.0
2959	63500	S	44.0
2960	64000	S	44.0
2961	64500	S	44.0
2962	65000	S	44.0
2963	65500	S	44.0
2964	66000	S	44.0
2965	66500	S	44.0
2966	67000	S	44.0
2967	67500	S	44.0
2968	68000	S	44.0
2969	68500	S	44.0
2970	69000	S	44.0
2971	69500	S	44.0
2972	70000	S	44.0
2973	70500	S	44.0
2974	71000	S	44.0
2975	71500	S	44.0
2976	72000	S	44.0
2977	72500	S	44.0
2978	73000	S	44.0
2979	73500	S	44.0
2980	74000	S	44.0
2981	74500	S	44.0
2982	75000	S	44.0
2983	75500	S	44.0
2984	76000	S	44.0
2985	76500	S	44.0
2986	77000	S	44.0
2987	77500	S	44.0
2988	78000	S	44.0
2989	78500	S	44.0
2990	79000	S	44.0
2991	79500	S	44.0
2992	80000	S	44.0
2993	80500	S	44.0
2994	81000	S	44.0
2995	81500	S	44.0
2996	82000	S	44.0
2997	82500	S	44.0
2998	83000	S	44.0
2999	83500	S	44.0
3000	84000	S	44.0
3001	84500	S	44.0
3002	85000	S	44.0
3003	85500	S	44.0
3004	86000	S	44.0
3005	86500	S	44.0
3006	87000	S	44.0
3007	87500	S	44.0
3008	88000	S	44.0
3009	88500	S	44.0
3010	89000	S	44.0
3011	89500	S	44.0
3012	90000	S	44.0
3013	90500	S	44.0
3014	91000	S	44.0
3015	91500	S	44.0
3016	0	T	0.0
3017	500	T	35.3
3018	1000	T	35.9
3019	1500	T	35.9
3020	2000	T	36.0
3021	2500	T	36.0
3022	3000	T	36.0
3023	3500	T	36.0
3024	4000	T	36.0
3025	4500	T	36.0
3026	5000	T	36.0
3027	5500	T	36.0
3028	6000	T	36.0
3029	6500	T	36.0
3030	7000	T	36.0
3031	7500	T	36.0
3032	8000	T	36.0
3033	8500	T	36.0
3034	9000	T	36.0
3035	9500	T	36.0
3036	10000	T	36.0
3037	10500	T	36.0
3038	11000	T	36.0
3039	11500	T	36.0
3040	12000	T	36.0
3041	12500	T	36.0
3042	13000	T	36.0
3043	13500	T	36.0
3044	14000	T	36.0
3045	14500	T	36.0
3046	15000	T	36.0
3047	15500	T	36.0
3048	16000	T	36.0
3049	16500	T	36.0
3050	17000	T	36.0
3051	17500	T	36.0
3052	18000	T	36.0
3053	18500	T	36.0
3054	19000	T	36.0
3055	19500	T	36.0
3056	20000	T	36.0
3057	20500	T	36.0
3058	21000	T	36.0
3059	21500	T	36.0
3060	22000	T	36.0
3061	22500	T	36.0
3062	23000	T	36.0
3063	23500	T	36.0
3064	24000	T	36.0
3065	24500	T	36.0
3066	25000	T	36.0
3067	25500	T	36.0
3068	26000	T	36.0
3069	26500	T	36.0
3070	27000	T	36.0
3071	27500	T	36.0
3072	28000	T	36.0
3073	28500	T	36.0
3074	29000	T	36.0
3075	29500	T	36.0
3076	30000	T	36.0
3077	30500	T	36.0
3078	31000	T	36.0
3079	31500	T	36.0
3080	32000	T	36.0
3081	32500	T	36.0
3082	33000	T	36.0
3083	33500	T	36.0
3084	34000	T	36.0
3085	34500	T	36.0
3086	35000	T	36.0
3087	35500	T	36.0
3088	36000	T	36.0
3089	36500	T	36.0
3090	37000	T	36.0
3091	37500	T	36.0
3092	38000	T	36.0
3093	38500	T	36.0
3094	39000	T	36.0
3095	39500	T	36.0
3096	40000	T	36.0
3097	40500	T	36.0
3098	41000	T	36.0
3099	41500	T	36.0
3100	42000	T	36.0
3101	42500	T	36.0
3102	43000	T	36.0
3103	43500	T	36.0
3104	44000	T	36.0
3105	44500	T	36.0
3106	45000	T	36.0
3107	45500	T	36.0
3108	46000	T	36.0
3109	46500	T	36.0
3110	47000	T	36.0
3111	47500	T	36.0
3112	48000	T	36.0
3113	48500	T	36.0
3114	49000	T	36.0
3115	49500	T	36.0
3116	50000	T	36.0
3117	50500	T	36.0
3118	51000	T	36.0
3119	51500	T	36.0
3120	52000	T	36.0
3121	52500	T	36.0
3122	53000	T	36.0
3123	53500	T	36.0
3124	54000	T	36.0
3125	54500	T	36.0
3126	55000	T	36.0
3127	55500	T	36.0
3128	56000	T	36.0
3129	56500	T	36.0
3130	57000	T	36.0
3131	57500	T	36.0
3132	58000	T	36.0
3133	58500	T	36.0
3134	59000	T	36.0
3135	59500	T	36.0
3136	60000	T	36.0
3137	60500	T	36.0
3138	61000	T	36.0
3139	61500	T	36.0
3140	62000	T	36.0
3141	62500	T	36.0
3142	63000	T	36.0
3143	63500	T	36.0
3144	64000	T	36.0
3145	64500	T	36.0
3146	65000	T	36.0
3147	65500	T	36.0
3148	66000	T	36.0
3149	66500	T	36.0
3150	67000	T	36.0
3151	67500	T	36.0
3152	68000	T	36.0
3153	68500	T	36.0
3154	69000	T	36.0
3155	69500	T	36.0
3156	70000	T	36.0
3157	70500	T	36.0
3158	71000	T	36.0
3159	71500	T	36.0
3160	72000	T	36.0
3161	72500	T	36.0
3162	73000	T	36.0
3163	73500	T	36.0
3164	74000	T	36.0
3165	74500	T	36.0
3166	75000	T	36.0
3167	0	U	0.0
3168	500	U	39.9
3169	1000	U	40.8
3170	1500	U	41.0
3171	2000	U	41.0
3172	2500	U	41.0
3173	3000	U	41.0
3174	3500	U	41.0
3175	4000	U	41.0
3176	4500	U	41.0
3177	5000	U	41.0
3178	5500	U	41.0
3179	6000	U	41.0
3180	6500	U	41.0
3181	7000	U	41.0
3182	7500	U	41.0
3183	8000	U	41.0
3184	8500	U	41.0
3185	9000	U	41.0
3186	9500	U	41.0
3187	10000	U	41.0
3188	10500	U	41.0
3189	11000	U	41.0
3190	11500	U	41.0
3191	12000	U	41.0
3192	12500	U	41.0
3193	13000	U	41.0
3194	13500	U	41.0
3195	14000	U	41.0
3196	14500	U	41.0
3197	15000	U	41.0
3198	15500	U	41.0
3199	16000	U	41.0
3200	16500	U	41.0
3201	17000	U	41.0
3202	17500	U	41.0
3203	18000	U	41.0
3204	18500	U	41.0
3205	19000	U	41.0
3206	19500	U	41.0
3207	20000	U	41.0
3208	20500	U	41.0
3209	21000	U	41.0
3210	21500	U	41.0
3211	22000	U	41.0
3212	22500	U	41.0
3213	23000	U	41.0
3214	23500	U	41.0
3215	24000	U	41.0
3216	24500	U	41.0
3217	25000	U	41.0
3218	25500	U	41.0
3219	26000	U	41.0
3220	26500	U	41.0
3221	27000	U	41.0
3222	27500	U	41.0
3223	28000	U	41.0
3224	28500	U	41.0
3225	29000	U	41.0
3226	29500	U	41.0
3227	30000	U	41.0
3228	30500	U	41.0
3229	31000	U	41.0
3230	31500	U	41.0
3231	32000	U	41.0
3232	32500	U	41.0
3233	33000	U	41.0
3234	33500	U	41.0
3235	34000	U	41.0
3236	34500	U	41.0
3237	35000	U	41.0
3238	35500	U	41.0
3239	36000	U	41.0
3240	36500	U	41.0
3241	37000	U	41.0
3242	37500	U	41.0
3243	38000	U	41.0
3244	38500	U	41.0
3245	39000	U	41.0
3246	39500	U	41.0
3247	40000	U	41.0
3248	40500	U	41.0
3249	41000	U	41.0
3250	41500	U	41.0
3251	42000	U	41.0
3252	42500	U	41.0
3253	43000	U	41.0
3254	43500	U	41.0
3255	44000	U	41.0
3256	44500	U	41.0
3257	45000	U	41.0
3258	45500	U	41.0
3259	46000	U	41.0
3260	46500	U	41.0
3261	47000	U	41.0
3262	47500	U	41.0
3263	48000	U	41.0
3264	48500	U	41.0
3265	49000	U	41.0
3266	49500	U	41.0
3267	50000	U	41.0
3268	50500	U	41.0
3269	51000	U	41.0
3270	51500	U	41.0
3271	52000	U	41.0
3272	52500	U	41.0
3273	53000	U	41.0
3274	53500	U	41.0
3275	54000	U	41.0
3276	54500	U	41.0
3277	55000	U	41.0
3278	55500	U	41.0
3279	56000	U	41.0
3280	56500	U	41.0
3281	57000	U	41.0
3282	57500	U	41.0
3283	58000	U	41.0
3284	58500	U	41.0
3285	59000	U	41.0
3286	59500	U	41.0
3287	60000	U	41.0
3288	60500	U	41.0
3289	61000	U	41.0
3290	61500	U	41.0
3291	62000	U	41.0
3292	62500	U	41.0
3293	63000	U	41.0
3294	63500	U	41.0
3295	64000	U	41.0
3296	64500	U	41.0
3297	65000	U	41.0
3298	65500	U	41.0
3299	66000	U	41.0
3300	66500	U	41.0
3301	67000	U	41.0
3302	67500	U	41.0
3303	68000	U	41.0
3304	68500	U	41.0
3305	69000	U	41.0
3306	69500	U	41.0
3307	70000	U	41.0
3308	70500	U	41.0
3309	71000	U	41.0
3310	71500	U	41.0
3311	72000	U	41.0
3312	72500	U	41.0
3313	73000	U	41.0
3314	73500	U	41.0
3315	74000	U	41.0
3316	74500	U	41.0
3317	75000	U	41.0
3318	75500	U	41.0
3319	76000	U	41.0
3320	76500	U	41.0
3321	77000	U	41.0
3322	77500	U	41.0
3323	78000	U	41.0
3324	78500	U	41.0
3325	79000	U	41.0
3326	79500	U	41.0
3327	80000	U	41.0
3328	80500	U	41.0
3329	81000	U	41.0
3330	81500	U	41.0
3331	82000	U	41.0
3332	82500	U	41.0
3333	0	V	0.0
3334	500	V	34.6
3335	1000	V	34.9
3336	1500	V	35.0
3337	2000	V	35.0
3338	2500	V	35.0
3339	3000	V	35.0
3340	3500	V	35.0
3341	4000	V	35.0
3342	4500	V	35.0
3343	5000	V	35.0
3344	5500	V	35.0
3345	6000	V	35.0
3346	6500	V	35.0
3347	7000	V	35.0
3348	7500	V	35.0
3349	8000	V	35.0
3350	8500	V	35.0
3351	9000	V	35.0
3352	9500	V	35.0
3353	10000	V	35.0
3354	10500	V	35.0
3355	11000	V	35.0
3356	11500	V	35.0
3357	12000	V	35.0
3358	12500	V	35.0
3359	13000	V	35.0
3360	13500	V	35.0
3361	14000	V	35.0
3362	14500	V	35.0
3363	15000	V	35.0
3364	15500	V	35.0
3365	16000	V	35.0
3366	16500	V	35.0
3367	17000	V	35.0
3368	17500	V	35.0
3369	18000	V	35.0
3370	18500	V	35.0
3371	19000	V	35.0
3372	19500	V	35.0
3373	20000	V	35.0
3374	20500	V	35.0
3375	21000	V	35.0
3376	21500	V	35.0
3377	22000	V	35.0
3378	22500	V	35.0
3379	23000	V	35.0
3380	23500	V	35.0
3381	24000	V	35.0
3382	24500	V	35.0
3383	25000	V	35.0
3384	25500	V	35.0
3385	26000	V	35.0
3386	26500	V	35.0
3387	27000	V	35.0
3388	27500	V	35.0
3389	28000	V	35.0
3390	28500	V	35.0
3391	29000	V	35.0
3392	29500	V	35.0
3393	30000	V	35.0
3394	30500	V	35.0
3395	31000	V	35.0
3396	31500	V	35.0
3397	32000	V	35.0
3398	32500	V	35.0
3399	33000	V	35.0
3400	33500	V	35.0
3401	34000	V	35.0
3402	34500	V	35.0
3403	35000	V	35.0
3404	35500	V	35.0
3405	36000	V	35.0
3406	36500	V	35.0
3407	37000	V	35.0
3408	37500	V	35.0
3409	38000	V	35.0
3410	38500	V	35.0
3411	39000	V	35.0
3412	39500	V	35.0
3413	40000	V	35.0
3414	40500	V	35.0
3415	41000	V	35.0
3416	41500	V	35.0
3417	42000	V	35.0
3418	42500	V	35.0
3419	43000	V	35.0
3420	43500	V	35.0
3421	44000	V	35.0
3422	44500	V	35.0
3423	45000	V	35.0
3424	45500	V	35.0
3425	46000	V	35.0
3426	46500	V	35.0
3427	47000	V	35.0
3428	47500	V	35.0
3429	48000	V	35.0
3430	48500	V	35.0
3431	49000	V	35.0
3432	49500	V	35.0
3433	50000	V	35.0
3434	50500	V	35.0
3435	51000	V	35.0
3436	51500	V	35.0
3437	52000	V	35.0
3438	52500	V	35.0
3439	53000	V	35.0
3440	53500	V	35.0
3441	54000	V	35.0
3442	54500	V	35.0
3443	55000	V	35.0
3444	55500	V	35.0
3445	56000	V	35.0
3446	56500	V	35.0
3447	57000	V	35.0
3448	57500	V	35.0
3449	58000	V	35.0
3450	58500	V	35.0
3451	59000	V	35.0
3452	59500	V	35.0
3453	60000	V	35.0
3454	60500	V	35.0
3455	61000	V	35.0
3456	61500	V	35.0
3457	62000	V	35.0
3458	62500	V	35.0
3459	63000	V	35.0
3460	63500	V	35.0
3461	64000	V	35.0
3462	64500	V	35.0
3463	65000	V	35.0
3464	65500	V	35.0
3465	66000	V	35.0
3466	66500	V	35.0
3467	67000	V	35.0
3468	67500	V	35.0
3469	68000	V	35.0
3470	68500	V	35.0
3471	69000	V	35.0
3472	69500	V	35.0
3473	70000	V	35.0
3474	70500	V	35.0
3475	71000	V	35.0
3476	71500	V	35.0
3477	72000	V	35.0
3478	72500	V	35.0
3479	73000	V	35.0
3480	73500	V	35.0
3481	74000	V	35.0
3482	0	W	0.0
3483	500	W	36.6
3484	1000	W	37.0
3485	1500	W	37.4
3486	2000	W	37.7
3487	2500	W	37.5
3488	3000	W	37.7
3489	3500	W	37.6
3490	4000	W	37.8
3491	4500	W	37.9
3492	5000	W	37.7
3493	5500	W	37.8
3494	6000	W	38.0
3495	6500	W	37.8
3496	7000	W	37.9
3497	7500	W	37.9
3498	8000	W	38.0
3499	8500	W	37.9
3500	9000	W	37.9
3501	9500	W	38.0
3502	10000	W	38.0
3503	10500	W	38.0
3504	11000	W	38.0
3505	11500	W	38.0
3506	12000	W	37.9
3507	12500	W	38.0
3508	13000	W	38.0
3509	13500	W	38.0
3510	14000	W	38.0
3511	14500	W	38.0
3512	15000	W	38.0
3513	15500	W	38.0
3514	16000	W	38.0
3515	16500	W	38.0
3516	17000	W	38.0
3517	17500	W	38.0
3518	18000	W	38.0
3519	18500	W	38.0
3520	19000	W	38.0
3521	19500	W	38.0
3522	20000	W	38.0
3523	20500	W	38.0
3524	21000	W	38.0
3525	21500	W	38.0
3526	22000	W	38.0
3527	22500	W	38.0
3528	23000	W	38.0
3529	23500	W	38.0
3530	24000	W	38.0
3531	24500	W	38.0
3532	25000	W	38.0
3533	25500	W	38.0
3534	26000	W	38.0
3535	26500	W	38.0
3536	27000	W	38.0
3537	27500	W	38.0
3538	28000	W	38.0
3539	28500	W	38.0
3540	29000	W	38.0
3541	29500	W	38.0
3542	30000	W	38.0
3543	30500	W	38.0
3544	31000	W	38.0
3545	31500	W	38.0
3546	32000	W	38.0
3547	32500	W	38.0
3548	33000	W	38.0
3549	33500	W	38.0
3550	34000	W	38.0
3551	34500	W	38.0
3552	35000	W	38.0
3553	35500	W	38.0
3554	36000	W	38.0
3555	36500	W	38.0
3556	37000	W	38.0
3557	37500	W	38.0
3558	38000	W	38.0
3559	38500	W	38.0
3560	39000	W	38.0
3561	39500	W	38.0
3562	40000	W	38.0
3563	40500	W	38.0
3564	41000	W	38.0
3565	41500	W	38.0
3566	42000	W	38.0
3567	42500	W	38.0
3568	43000	W	38.0
3569	43500	W	38.0
3570	44000	W	38.0
3571	44500	W	38.0
3572	45000	W	38.0
3573	45500	W	38.0
3574	46000	W	38.0
3575	46500	W	38.0
3576	47000	W	38.0
3577	47500	W	38.0
3578	48000	W	38.0
3579	48500	W	38.0
3580	49000	W	38.0
3581	49500	W	38.0
3582	50000	W	38.0
3583	50500	W	38.0
3584	51000	W	38.0
3585	51500	W	38.0
3586	52000	W	38.0
3587	52500	W	38.0
3588	53000	W	38.0
3589	53500	W	38.0
3590	54000	W	38.0
3591	54500	W	38.0
3592	55000	W	38.0
3593	55500	W	38.0
3594	56000	W	38.0
3595	56500	W	38.0
3596	57000	W	38.0
3597	57500	W	38.0
3598	58000	W	38.0
3599	58500	W	38.0
3600	59000	W	38.0
3601	59500	W	38.0
3602	60000	W	38.0
3603	60500	W	38.0
3604	61000	W	38.0
3605	61500	W	38.0
3606	62000	W	38.0
3607	62500	W	38.0
3608	63000	W	38.0
3609	63500	W	38.0
3610	64000	W	38.0
3611	64500	W	38.0
3612	65000	W	38.0
3613	65500	W	38.0
3614	66000	W	38.0
3615	66500	W	38.0
3616	67000	W	38.0
3617	67500	W	38.0
3618	68000	W	38.0
3619	68500	W	38.0
3620	69000	W	38.0
3621	69500	W	38.0
3622	70000	W	38.0
3623	70500	W	38.0
3624	71000	W	38.0
3625	71500	W	38.0
3626	72000	W	38.0
3627	72500	W	38.0
3628	73000	W	38.0
3629	73500	W	38.0
3630	74000	W	38.0
3631	74500	W	38.0
3632	75000	W	38.0
3633	0	X	0.0
3634	500	X	42.6
3635	1000	X	43.0
3636	1500	X	43.8
3637	2000	X	44.0
3638	2500	X	44.0
3639	3000	X	43.9
3640	3500	X	44.0
3641	4000	X	44.0
3642	4500	X	44.0
3643	5000	X	44.0
3644	5500	X	44.0
3645	6000	X	43.9
3646	6500	X	44.0
3647	7000	X	44.0
3648	7500	X	44.0
3649	8000	X	44.0
3650	8500	X	44.0
3651	9000	X	44.0
3652	9500	X	44.0
3653	10000	X	44.0
3654	10500	X	44.0
3655	11000	X	44.0
3656	11500	X	44.0
3657	12000	X	44.0
3658	12500	X	44.0
3659	13000	X	44.0
3660	13500	X	44.0
3661	14000	X	44.0
3662	14500	X	44.0
3663	15000	X	44.0
3664	15500	X	44.0
3665	16000	X	44.0
3666	16500	X	44.0
3667	17000	X	44.0
3668	17500	X	44.0
3669	18000	X	44.0
3670	18500	X	44.0
3671	19000	X	44.0
3672	19500	X	44.0
3673	20000	X	44.0
3674	20500	X	44.0
3675	21000	X	44.0
3676	21500	X	44.0
3677	22000	X	44.0
3678	22500	X	44.0
3679	23000	X	44.0
3680	23500	X	44.0
3681	24000	X	44.0
3682	24500	X	44.0
3683	25000	X	44.0
3684	25500	X	44.0
3685	26000	X	44.0
3686	26500	X	44.0
3687	27000	X	44.0
3688	27500	X	44.0
3689	28000	X	44.0
3690	28500	X	44.0
3691	29000	X	44.0
3692	29500	X	44.0
3693	30000	X	44.0
3694	30500	X	44.0
3695	31000	X	44.0
3696	31500	X	44.0
3697	32000	X	44.0
3698	32500	X	44.0
3699	33000	X	44.0
3700	33500	X	44.0
3701	34000	X	44.0
3702	34500	X	44.0
3703	35000	X	44.0
3704	35500	X	44.0
3705	36000	X	44.0
3706	36500	X	44.0
3707	37000	X	44.0
3708	37500	X	44.0
3709	38000	X	44.0
3710	38500	X	44.0
3711	39000	X	44.0
3712	39500	X	44.0
3713	40000	X	44.0
3714	40500	X	44.0
3715	41000	X	44.0
3716	41500	X	44.0
3717	42000	X	44.0
3718	42500	X	44.0
3719	43000	X	44.0
3720	43500	X	44.0
3721	44000	X	44.0
3722	44500	X	44.0
3723	45000	X	44.0
3724	45500	X	44.0
3725	46000	X	44.0
3726	46500	X	44.0
3727	47000	X	44.0
3728	47500	X	44.0
3729	48000	X	44.0
3730	48500	X	44.0
3731	49000	X	44.0
3732	49500	X	44.0
3733	50000	X	44.0
3734	50500	X	44.0
3735	51000	X	44.0
3736	51500	X	44.0
3737	52000	X	44.0
3738	52500	X	44.0
3739	53000	X	44.0
3740	53500	X	44.0
3741	54000	X	44.0
3742	54500	X	44.0
3743	55000	X	44.0
3744	55500	X	44.0
3745	56000	X	44.0
3746	56500	X	44.0
3747	57000	X	44.0
3748	57500	X	44.0
3749	58000	X	44.0
3750	58500	X	44.0
3751	59000	X	44.0
3752	59500	X	44.0
3753	60000	X	44.0
3754	60500	X	44.0
3755	61000	X	44.0
3756	61500	X	44.0
3757	62000	X	44.0
3758	62500	X	44.0
3759	63000	X	44.0
3760	63500	X	44.0
3761	64000	X	44.0
3762	64500	X	44.0
3763	65000	X	44.0
3764	65500	X	44.0
3765	66000	X	44.0
3766	66500	X	44.0
3767	67000	X	44.0
3768	67500	X	44.0
3769	68000	X	44.0
3770	68500	X	44.0
3771	69000	X	44.0
3772	69500	X	44.0
3773	70000	X	44.0
3774	70500	X	44.0
3775	71000	X	44.0
3776	71500	X	44.0
3777	72000	X	44.0
3778	72500	X	44.0
3779	73000	X	44.0
3780	73500	X	44.0
3781	74000	X	44.0
3782	74500	X	44.0
3783	75000	X	44.0
3784	75500	X	44.0
3785	76000	X	44.0
3786	76500	X	44.0
3787	77000	X	44.0
3788	77500	X	44.0
3789	78000	X	44.0
3790	78500	X	44.0
3791	79000	X	44.0
3792	79500	X	44.0
3793	80000	X	44.0
3794	80500	X	44.0
3795	81000	X	44.0
3796	81500	X	44.0
3797	82000	X	44.0
3798	0	Y	0.0
3799	500	Y	43.8
3800	1000	Y	44.5
3801	1500	Y	44.5
3802	2000	Y	45.0
3803	2500	Y	44.7
3804	3000	Y	44.9
3805	3500	Y	44.9
3806	4000	Y	45.0
3807	4500	Y	45.0
3808	5000	Y	45.0
3809	5500	Y	45.0
3810	6000	Y	45.0
3811	6500	Y	45.0
3812	7000	Y	45.0
3813	7500	Y	45.0
3814	8000	Y	45.0
3815	8500	Y	45.0
3816	9000	Y	45.0
3817	9500	Y	45.0
3818	10000	Y	45.0
3819	10500	Y	45.0
3820	11000	Y	45.0
3821	11500	Y	45.0
3822	12000	Y	45.0
3823	12500	Y	45.0
3824	13000	Y	45.0
3825	13500	Y	45.0
3826	14000	Y	45.0
3827	14500	Y	45.0
3828	15000	Y	45.0
3829	15500	Y	45.0
3830	16000	Y	45.0
3831	16500	Y	45.0
3832	17000	Y	45.0
3833	17500	Y	45.0
3834	18000	Y	45.0
3835	18500	Y	45.0
3836	19000	Y	45.0
3837	19500	Y	45.0
3838	20000	Y	45.0
3839	20500	Y	45.0
3840	21000	Y	45.0
3841	21500	Y	45.0
3842	22000	Y	45.0
3843	22500	Y	45.0
3844	23000	Y	45.0
3845	23500	Y	45.0
3846	24000	Y	45.0
3847	24500	Y	45.0
3848	25000	Y	45.0
3849	25500	Y	45.0
3850	26000	Y	45.0
3851	26500	Y	45.0
3852	27000	Y	45.0
3853	27500	Y	45.0
3854	28000	Y	45.0
3855	28500	Y	45.0
3856	29000	Y	45.0
3857	29500	Y	45.0
3858	30000	Y	45.0
3859	30500	Y	45.0
3860	31000	Y	45.0
3861	31500	Y	45.0
3862	32000	Y	45.0
3863	32500	Y	45.0
3864	33000	Y	45.0
3865	33500	Y	45.0
3866	34000	Y	45.0
3867	34500	Y	45.0
3868	35000	Y	45.0
3869	35500	Y	45.0
3870	36000	Y	45.0
3871	36500	Y	45.0
3872	37000	Y	45.0
3873	37500	Y	45.0
3874	38000	Y	45.0
3875	38500	Y	45.0
3876	39000	Y	45.0
3877	39500	Y	45.0
3878	40000	Y	45.0
3879	40500	Y	45.0
3880	41000	Y	45.0
3881	41500	Y	45.0
3882	42000	Y	45.0
3883	42500	Y	45.0
3884	43000	Y	45.0
3885	43500	Y	45.0
3886	44000	Y	45.0
3887	44500	Y	45.0
3888	45000	Y	45.0
3889	45500	Y	45.0
3890	46000	Y	45.0
3891	46500	Y	45.0
3892	47000	Y	45.0
3893	47500	Y	45.0
3894	48000	Y	45.0
3895	48500	Y	45.0
3896	49000	Y	45.0
3897	49500	Y	45.0
3898	50000	Y	45.0
3899	50500	Y	45.0
3900	51000	Y	45.0
3901	51500	Y	45.0
3902	52000	Y	45.0
3903	52500	Y	45.0
3904	53000	Y	45.0
3905	53500	Y	45.0
3906	54000	Y	45.0
3907	54500	Y	45.0
3908	55000	Y	45.0
3909	55500	Y	45.0
3910	56000	Y	45.0
3911	56500	Y	45.0
3912	57000	Y	45.0
3913	57500	Y	45.0
3914	58000	Y	45.0
3915	58500	Y	45.0
3916	59000	Y	45.0
3917	59500	Y	45.0
3918	60000	Y	45.0
3919	60500	Y	45.0
3920	61000	Y	45.0
3921	61500	Y	45.0
3922	62000	Y	45.0
3923	62500	Y	45.0
3924	63000	Y	45.0
3925	63500	Y	45.0
3926	64000	Y	45.0
3927	64500	Y	45.0
3928	65000	Y	45.0
3929	65500	Y	45.0
3930	66000	Y	45.0
3931	66500	Y	45.0
3932	67000	Y	45.0
3933	67500	Y	45.0
3934	68000	Y	45.0
3935	68500	Y	45.0
3936	69000	Y	45.0
3937	69500	Y	45.0
3938	70000	Y	45.0
3939	70500	Y	45.0
3940	71000	Y	45.0
3941	71500	Y	45.0
3942	72000	Y	45.0
3943	72500	Y	45.0
3944	73000	Y	45.0
3945	73500	Y	45.0
3946	74000	Y	45.0
3947	74500	Y	45.0
3948	75000	Y	45.0
3949	75500	Y	45.0
3950	76000	Y	45.0
3951	76500	Y	45.0
3952	77000	Y	45.0
3953	77500	Y	45.0
3954	78000	Y	45.0
3955	78500	Y	45.0
3956	79000	Y	45.0
3957	79500	Y	45.0
3958	80000	Y	45.0
3959	80500	Y	45.0
3960	81000	Y	45.0
3961	81500	Y	45.0
3962	82000	Y	45.0
3963	82500	Y	45.0
3964	83000	Y	45.0
3965	83500	Y	45.0
3966	84000	Y	45.0
3967	84500	Y	45.0
3968	85000	Y	45.0
3969	85500	Y	45.0
3970	86000	Y	45.0
3971	86500	Y	45.0
3972	87000	Y	45.0
3973	87500	Y	45.0
3974	88000	Y	45.0
3975	0	Z	0.0
3976	500	Z	33.4
3977	1000	Z	34.9
3978	1500	Z	34.9
3979	2000	Z	35.3
3980	2500	Z	34.9
3981	3000	Z	35.3
3982	3500	Z	35.1
3983	4000	Z	35.3
3984	4500	Z	35.1
3985	5000	Z	35.3
3986	5500	Z	35.1
3987	6000	Z	35.3
3988	6500	Z	35.4
3989	7000	Z	35.3
3990	7500	Z	35.8
3991	8000	Z	35.6
3992	8500	Z	35.8
3993	9000	Z	35.7
3994	9500	Z	35.9
3995	10000	Z	35.5
3996	10500	Z	35.5
3997	11000	Z	35.9
3998	11500	Z	35.7
3999	12000	Z	35.6
4000	12500	Z	35.6
4001	13000	Z	35.8
4002	13500	Z	35.7
4003	14000	Z	35.8
4004	14500	Z	35.9
4005	15000	Z	35.5
4006	15500	Z	35.6
4007	16000	Z	35.8
4008	16500	Z	35.7
4009	17000	Z	35.7
4010	17500	Z	35.9
4011	18000	Z	35.8
4012	18500	Z	35.6
4013	19000	Z	35.7
4014	19500	Z	35.7
4015	20000	Z	35.9
4016	20500	Z	35.9
4017	21000	Z	35.8
4018	21500	Z	35.9
4019	22000	Z	35.9
4020	22500	Z	35.9
4021	23000	Z	35.9
4022	23500	Z	36.0
4023	24000	Z	35.9
4024	24500	Z	35.8
4025	25000	Z	35.8
4026	25500	Z	35.9
4027	26000	Z	35.8
4028	26500	Z	35.9
4029	27000	Z	36.0
4030	27500	Z	35.9
4031	28000	Z	36.0
4032	28500	Z	36.0
4033	29000	Z	36.0
4034	29500	Z	35.9
4035	30000	Z	36.0
4036	30500	Z	36.0
4037	31000	Z	35.9
4038	31500	Z	36.0
4039	32000	Z	35.9
4040	32500	Z	35.9
4041	33000	Z	36.0
4042	33500	Z	36.0
4043	34000	Z	36.0
4044	34500	Z	36.0
4045	35000	Z	36.0
4046	35500	Z	36.0
4047	36000	Z	36.0
4048	36500	Z	36.0
4049	37000	Z	36.0
4050	37500	Z	36.0
4051	38000	Z	36.0
4052	38500	Z	35.9
4053	39000	Z	36.0
4054	39500	Z	36.0
4055	40000	Z	36.0
4056	40500	Z	36.0
4057	41000	Z	35.9
4058	41500	Z	36.0
4059	42000	Z	36.0
4060	42500	Z	35.7
4061	43000	Z	36.0
4062	43500	Z	36.0
4063	44000	Z	36.0
4064	44500	Z	36.0
4065	45000	Z	36.0
4066	45500	Z	36.0
4067	46000	Z	36.0
4068	46500	Z	36.0
4069	47000	Z	36.0
4070	47500	Z	36.0
4071	48000	Z	35.9
4072	48500	Z	36.0
4073	49000	Z	36.0
4074	49500	Z	36.0
4075	50000	Z	36.0
4076	50500	Z	36.0
4077	51000	Z	36.0
4078	51500	Z	36.0
4079	52000	Z	36.0
4080	52500	Z	36.0
4081	53000	Z	36.0
4082	53500	Z	35.9
4083	54000	Z	35.8
4084	54500	Z	36.0
4085	55000	Z	36.0
4086	55500	Z	36.0
4087	56000	Z	36.0
4088	56500	Z	35.9
4089	57000	Z	36.0
4090	57500	Z	36.0
4091	58000	Z	36.0
4092	58500	Z	36.0
4093	59000	Z	36.0
4094	59500	Z	36.0
4095	60000	Z	36.0
4096	60500	Z	36.0
4097	61000	Z	36.0
4098	61500	Z	36.0
4099	62000	Z	36.0
4100	62500	Z	36.0
4101	63000	Z	36.0
4102	63500	Z	36.0
4103	64000	Z	35.9
4104	64500	Z	36.0
4105	65000	Z	36.0
4106	65500	Z	36.0
4107	66000	Z	36.0
4108	66500	Z	36.0
4109	67000	Z	36.0
4110	67500	Z	36.0
4111	68000	Z	36.0
4112	68500	Z	36.0
4113	69000	Z	36.0
4114	69500	Z	36.0
4115	70000	Z	36.0
4116	70500	Z	35.9
4117	71000	Z	36.0
4118	71500	Z	36.0
4119	72000	Z	36.0
4120	72500	Z	36.0
4121	73000	Z	36.0
4122	73500	Z	36.0
4123	74000	Z	36.0
4124	74500	Z	36.0
4125	75000	Z	36.0
4126	75500	Z	36.0
4127	76000	Z	36.0
4128	76500	Z	36.0
4129	77000	Z	36.0
4130	77500	Z	36.0
4131	78000	Z	36.0
4132	78500	Z	36.0
4133	79000	Z	36.0
4134	79500	Z	36.0
4135	80000	Z	36.0
4136	80500	Z	36.0
4137	81000	Z	36.0
4138	81500	Z	36.0
